-- --------------------------------------------------------
-- 主机:                           127.0.0.1
-- Server version:               10.3.14-MariaDB - MariaDB Server
-- Server OS:                    Linux
-- HeidiSQL 版本:                  10.1.0.5464
-- --------------------------------------------------------

/*!40101 SET @OLD_CHARACTER_SET_CLIENT=@@CHARACTER_SET_CLIENT */;
/*!40101 SET NAMES utf8 */;
/*!50503 SET NAMES utf8mb4 */;
/*!40014 SET @OLD_FOREIGN_KEY_CHECKS=@@FOREIGN_KEY_CHECKS, FOREIGN_KEY_CHECKS=0 */;
/*!40101 SET @OLD_SQL_MODE=@@SQL_MODE, SQL_MODE='NO_AUTO_VALUE_ON_ZERO' */;


-- Dumping database structure for ssm_zaixianexam
CREATE DATABASE IF NOT EXISTS `ssm_zaixianexam` /*!40100 DEFAULT CHARACTER SET utf8mb4 COLLATE utf8mb4_unicode_ci */;
USE `ssm_zaixianexam`;

-- Dumping structure for table ssm_zaixianexam.buy_log
DROP TABLE IF EXISTS `buy_log`;
CREATE TABLE IF NOT EXISTS `buy_log` (
  `id` bigint(20) NOT NULL AUTO_INCREMENT,
  `spending` int(11) DEFAULT NULL,
  `sys_modify_log_id` char(32) DEFAULT NULL,
  `resource_id` bigint(20) DEFAULT NULL,
  `sys_user_id` bigint(20) DEFAULT NULL,
  PRIMARY KEY (`id`) USING BTREE,
  KEY `FKcssemg8jfxw0bm5wtl2mh5445` (`sys_modify_log_id`) USING BTREE,
  KEY `FKs9cdk2cmebx1j8pl9s2vkd5nn` (`sys_user_id`) USING BTREE,
  CONSTRAINT `FKcssemg8jfxw0bm5wtl2mh5445` FOREIGN KEY (`sys_modify_log_id`) REFERENCES `sys_modify_log` (`id`),
  CONSTRAINT `FKs9cdk2cmebx1j8pl9s2vkd5nn` FOREIGN KEY (`sys_user_id`) REFERENCES `sys_user` (`id`)
) ENGINE=InnoDB AUTO_INCREMENT=4 DEFAULT CHARSET=utf8 ROW_FORMAT=DYNAMIC;

-- Dumping data for table ssm_zaixianexam.buy_log: ~1 rows (approximately)
/*!40000 ALTER TABLE `buy_log` DISABLE KEYS */;
INSERT INTO `buy_log` (`id`, `spending`, `sys_modify_log_id`, `resource_id`, `sys_user_id`) VALUES
	(3, 1, NULL, 4, 2);
/*!40000 ALTER TABLE `buy_log` ENABLE KEYS */;

-- Dumping structure for table ssm_zaixianexam.choice
DROP TABLE IF EXISTS `choice`;
CREATE TABLE IF NOT EXISTS `choice` (
  `id` bigint(20) NOT NULL AUTO_INCREMENT,
  `answer` bit(1) DEFAULT NULL,
  `content` varchar(255) DEFAULT NULL,
  `sys_modify_log_id` char(32) DEFAULT NULL,
  `question_id` bigint(20) DEFAULT NULL,
  PRIMARY KEY (`id`) USING BTREE,
  KEY `FKora5kxj5grea4n8xdk0uv40le` (`sys_modify_log_id`) USING BTREE,
  KEY `FKcaq6r76cswke5b9fk6fyx3y5w` (`question_id`) USING BTREE,
  CONSTRAINT `FKcaq6r76cswke5b9fk6fyx3y5w` FOREIGN KEY (`question_id`) REFERENCES `question` (`id`),
  CONSTRAINT `FKora5kxj5grea4n8xdk0uv40le` FOREIGN KEY (`sys_modify_log_id`) REFERENCES `sys_modify_log` (`id`)
) ENGINE=InnoDB AUTO_INCREMENT=966 DEFAULT CHARSET=utf8 ROW_FORMAT=DYNAMIC;

-- Dumping data for table ssm_zaixianexam.choice: ~965 rows (approximately)
/*!40000 ALTER TABLE `choice` DISABLE KEYS */;
INSERT INTO `choice` (`id`, `answer`, `content`, `sys_modify_log_id`, `question_id`) VALUES
	(1, b'0', '需求分析', NULL, 1),
	(2, b'0', '结构设计', NULL, 1),
	(3, b'0', '程序编制', NULL, 1),
	(4, b'1', '软件维护', NULL, 1),
	(5, b'1', '研制', NULL, 2),
	(6, b'0', '拷贝', NULL, 2),
	(7, b'0', '再生产', NULL, 2),
	(8, b'0', '复制', NULL, 2),
	(9, b'0', '喷泉模型', NULL, 3),
	(10, b'0', '增量模型', NULL, 3),
	(11, b'1', '瀑布模型', NULL, 3),
	(12, b'0', '螺旋模型', NULL, 3),
	(13, b'0', '详细设计', NULL, 4),
	(14, b'1', '可行性分析和项目开发计划', NULL, 4),
	(15, b'0', '概要设计', NULL, 4),
	(16, b'0', '软件测试', NULL, 4),
	(17, b'0', '有形', NULL, 5),
	(18, b'0', '消耗', NULL, 5),
	(19, b'1', '逻辑', NULL, 5),
	(20, b'0', '文档', NULL, 5),
	(21, b'0', '原型模型', NULL, 6),
	(22, b'0', '螺旋模型', NULL, 6),
	(23, b'1', '基于知识的智能模型', NULL, 6),
	(24, b'0', '喷泉模型', NULL, 6),
	(25, b'0', '概要设计', NULL, 7),
	(26, b'1', '详细设计', NULL, 7),
	(27, b'0', '编码', NULL, 7),
	(28, b'0', '测试', NULL, 7),
	(29, b'1', '原型模型', NULL, 8),
	(30, b'0', '瀑布模型', NULL, 8),
	(31, b'0', '基于知识的智能模型', NULL, 8),
	(32, b'0', '变换模型', NULL, 8),
	(33, b'0', '原型模型', NULL, 9),
	(34, b'0', '瀑布模型', NULL, 9),
	(35, b'1', '喷泉模型', NULL, 9),
	(36, b'0', '螺旋模型', NULL, 9),
	(37, b'0', '原型模型', NULL, 10),
	(38, b'0', '瀑布模型', NULL, 10),
	(39, b'0', '喷泉模型', NULL, 10),
	(40, b'1', '螺旋模型', NULL, 10),
	(41, b'0', '可修改性', NULL, 11),
	(42, b'0', '可靠性', NULL, 11),
	(43, b'1', '可适应性', NULL, 11),
	(44, b'0', '可重用性', NULL, 11),
	(45, b'0', '可移植性', NULL, 12),
	(46, b'1', '可重用性', NULL, 12),
	(47, b'0', '容错性', NULL, 12),
	(48, b'0', '可适应性', NULL, 12),
	(49, b'1', '可理解性', NULL, 13),
	(50, b'0', '可靠性', NULL, 13),
	(51, b'0', '可适应性', NULL, 13),
	(52, b'0', '可重用性', NULL, 13),
	(53, b'0', '可理解性', NULL, 14),
	(54, b'1', '可维护性', NULL, 14),
	(55, b'0', '可适应性', NULL, 14),
	(56, b'0', '可重用性', NULL, 14),
	(57, b'0', '可理解性', NULL, 15),
	(58, b'0', '可修改性', NULL, 15),
	(59, b'1', '可移植性', NULL, 15),
	(60, b'0', '可重用性', NULL, 15),
	(61, b'0', '有效性', NULL, 16),
	(62, b'0', '可适应性', NULL, 16),
	(63, b'0', '正确性', NULL, 16),
	(64, b'1', '可靠性', NULL, 16),
	(65, b'1', '可修改性', NULL, 17),
	(66, b'0', '可适应性', NULL, 17),
	(67, b'0', '可维护性', NULL, 17),
	(68, b'0', '可移植性', NULL, 17),
	(69, b'0', '可理解性', NULL, 18),
	(70, b'0', '可互操作性', NULL, 18),
	(71, b'1', '可维护性', NULL, 18),
	(72, b'0', '可追踪性', NULL, 18),
	(73, b'0', '可理解性', NULL, 19),
	(74, b'0', '可互操作性', NULL, 19),
	(75, b'1', '可追踪性', NULL, 19),
	(76, b'0', '可维护性', NULL, 19),
	(77, b'0', '有效性', NULL, 20),
	(78, b'0', '可互操作性', NULL, 20),
	(79, b'0', '可追踪性', NULL, 20),
	(80, b'1', '可维护性', NULL, 20),
	(81, b'1', '可适应性', NULL, 21),
	(82, b'0', '可互操作性', NULL, 21),
	(83, b'0', '可追踪性', NULL, 21),
	(84, b'0', '有效性', NULL, 21),
	(85, b'0', '有效性', NULL, 22),
	(86, b'1', '可移植性', NULL, 22),
	(87, b'0', '可追踪性', NULL, 22),
	(88, b'0', '可靠性', NULL, 22),
	(89, b'0', '有效性', NULL, 23),
	(90, b'0', '可互操作性', NULL, 23),
	(91, b'1', '可靠性', NULL, 23),
	(92, b'0', '可追踪性', NULL, 23),
	(93, b'0', '组装测试计划', NULL, 24),
	(94, b'0', '单元测试计划', NULL, 24),
	(95, b'0', '软件总体设计', NULL, 24),
	(96, b'1', '验收测试计划', NULL, 24),
	(97, b'1', '组装测试计划', NULL, 25),
	(98, b'0', '单元测试计划', NULL, 25),
	(99, b'0', '初步用户手册', NULL, 25),
	(100, b'0', '验收测试计划', NULL, 25),
	(101, b'0', '组装测试计划', NULL, 26),
	(102, b'1', '单元测试计划', NULL, 26),
	(103, b'0', '初步用户手册', NULL, 26),
	(104, b'0', '验收测试计划', NULL, 26),
	(105, b'0', '组装测试计划', NULL, 27),
	(106, b'0', '绘制程序流程图', NULL, 27),
	(107, b'1', '单元测试', NULL, 27),
	(108, b'0', '验收测试计划', NULL, 27),
	(109, b'0', '项目开发总结报告', NULL, 28),
	(110, b'0', '验收测试计划', NULL, 28),
	(111, b'0', '需求规格说明书', NULL, 28),
	(112, b'1', '最终用户手册', NULL, 28),
	(113, b'0', '项目开发计划', NULL, 29),
	(114, b'0', '可行性分析报告', NULL, 29),
	(115, b'1', '需求规格说明书', NULL, 29),
	(116, b'0', '设计说明书', NULL, 29),
	(117, b'1', '让软件做什么', NULL, 30),
	(118, b'0', '要给软件提供哪些信息', NULL, 30),
	(119, b'0', '要求软件工作效率怎样', NULL, 30),
	(120, b'0', '让软件具有何种结构', NULL, 30),
	(121, b'0', '一个输入流或一个输出流', NULL, 31),
	(122, b'1', '一个输入流和一个输出流', NULL, 31),
	(123, b'0', '一个输入流', NULL, 31),
	(124, b'0', '一个输出流', NULL, 31),
	(125, b'0', '数据流', NULL, 32),
	(126, b'0', '数据存储', NULL, 32),
	(127, b'0', '加工', NULL, 32),
	(128, b'1', '源点与终点', NULL, 32),
	(129, b'0', '细节', NULL, 33),
	(130, b'1', '输入与输出', NULL, 33),
	(131, b'0', '软件的作用', NULL, 33),
	(132, b'0', '绘制的时间', NULL, 33),
	(133, b'0', '主要功能', NULL, 34),
	(134, b'1', '算法的详细过程', NULL, 34),
	(135, b'0', '用户界面和运行环境', NULL, 34),
	(136, b'0', '软件性能', NULL, 34),
	(137, b'0', '软件设计的依据', NULL, 35),
	(138, b'0', '用户与开发人员对软件要做什么的共同理解', NULL, 35),
	(139, b'0', '软件验收的依据', NULL, 35),
	(140, b'1', '软件可行性研究的依据', NULL, 35),
	(141, b'0', '系统的控制流程', NULL, 36),
	(142, b'0', '系统的数据结构', NULL, 36),
	(143, b'0', '系统的基本加工', NULL, 36),
	(144, b'1', '系统的功能', NULL, 36),
	(145, b'0', '某些加工的数据接口', NULL, 37),
	(146, b'0', '某个加工的特定输入', NULL, 37),
	(147, b'0', '某个加工的特定输出', NULL, 37),
	(148, b'1', '某些加工的数据接口或某个加工的特定输入输出', NULL, 37),
	(149, b'1', '必须一致', NULL, 38),
	(150, b'0', '数目必须相等', NULL, 38),
	(151, b'0', '名字必须相同', NULL, 38),
	(152, b'0', '数目必须不等', NULL, 38),
	(153, b'0', '结构化语言', NULL, 39),
	(154, b'0', '判定表', NULL, 39),
	(155, b'0', '判定树', NULL, 39),
	(156, b'1', '流程图', NULL, 39),
	(157, b'1', '获得当前系统的物理模型，抽象出当前系统的逻辑模型，建立目标系统的逻辑模型', NULL, 40),
	(158, b'0', '获得当前系统的物理模型，抽象出当前系统的逻辑模型，建立目标系统的物理模型', NULL, 40),
	(159, b'0', '获得当前系统的逻辑模型，建立当前系统的物理模型，抽象出目标系统的逻辑模型', NULL, 40),
	(160, b'0', '获得当前系统的逻辑模型，建立当前系统的物理模型，建立目标系统的物理模型', NULL, 40),
	(161, b'0', '自底向上逐步抽象', NULL, 41),
	(162, b'0', '自底向上逐步分解', NULL, 41),
	(163, b'1', '自顶向下逐步分解', NULL, 41),
	(164, b'0', '自顶向上抽象', NULL, 41),
	(165, b'0', '可行性研究', NULL, 42),
	(166, b'1', '需求分析', NULL, 42),
	(167, b'0', '软件概要设计', NULL, 42),
	(168, b'0', '软件详细设计', NULL, 42),
	(169, b'0', '键盘、鼠标、通信端口、网络等设备一有变化，就会产生消息', NULL, 43),
	(170, b'1', '操作系统不断向应用程序发送消息，但应用程序不能向操作系统发送消息', NULL, 43),
	(171, b'0', '应用程序之间可以相互发送消息', NULL, 43),
	(172, b'0', '发送与接收消息的通信机制与传统的子程序调用机制不同', NULL, 43),
	(173, b'0', '详细的', NULL, 44),
	(174, b'0', '全面的', NULL, 44),
	(175, b'1', '简化的、压缩的', NULL, 44),
	(176, b'0', '彻底的', NULL, 44),
	(177, b'1', '当前运行系统', NULL, 45),
	(178, b'0', '当前逻辑模型', NULL, 45),
	(179, b'0', '目标系统', NULL, 45),
	(180, b'0', '新系统', NULL, 45),
	(181, b'0', '逻辑系统', NULL, 46),
	(182, b'0', '程序系统', NULL, 46),
	(183, b'1', '体系结构', NULL, 46),
	(184, b'0', '物理系统', NULL, 46),
	(185, b'0', '判定表', NULL, 47),
	(186, b'0', 'IPO 图', NULL, 47),
	(187, b'0', 'PDL ', NULL, 47),
	(188, b'1', 'DFD 图', NULL, 47),
	(189, b'0', '过程、子程序和分程序', NULL, 48),
	(190, b'1', '顺序、选择和重复', NULL, 48),
	(191, b'0', '递归、堆栈和队列', NULL, 48),
	(192, b'0', '调用、返回和转移', NULL, 48),
	(193, b'0', '不能嵌套使用', NULL, 49),
	(194, b'0', '只能用来写简单程序', NULL, 49),
	(195, b'0', '已经用硬件实现', NULL, 49),
	(196, b'1', '只有一个入口和一个出口', NULL, 49),
	(197, b'0', '生存期', NULL, 50),
	(198, b'0', '面向对象设计', NULL, 50),
	(199, b'0', '面向对象程序设计', NULL, 50),
	(200, b'1', '面向对象分析', NULL, 50),
	(201, b'1', '需求不确定性高的', NULL, 51),
	(202, b'0', '需求确定的', NULL, 51),
	(203, b'0', '管理信息', NULL, 51),
	(204, b'0', '实时', NULL, 51),
	(205, b'1', '自外向内', NULL, 52),
	(206, b'0', '自顶向下', NULL, 52),
	(207, b'0', '自内向外', NULL, 52),
	(208, b'0', '自底向上', NULL, 52),
	(209, b'0', '数据流图', NULL, 53),
	(210, b'0', '判定表', NULL, 53),
	(211, b'1', 'PAD 图', NULL, 53),
	(212, b'0', '数据字典', NULL, 53),
	(213, b'0', '用户要求', NULL, 54),
	(214, b'0', '合理要求', NULL, 54),
	(215, b'1', '模糊要求', NULL, 54),
	(216, b'0', '对象', NULL, 55),
	(217, b'0', '解释', NULL, 55),
	(218, b'0', '符号', NULL, 55),
	(219, b'1', '描述', NULL, 55),
	(220, b'0', '控制流', NULL, 56),
	(221, b'0', '信息流', NULL, 56),
	(222, b'1', '数据流', NULL, 56),
	(223, b'0', '信号流', NULL, 56),
	(224, b'1', '数据流图', NULL, 57),
	(225, b'0', '数据词典', NULL, 57),
	(226, b'0', '结构化英语', NULL, 57),
	(227, b'0', '判定树与判定表', NULL, 57),
	(228, b'0', '数据流图', NULL, 58),
	(229, b'1', '数据词典', NULL, 58),
	(230, b'0', '结构化英语', NULL, 58),
	(231, b'0', '判定树与判定表', NULL, 58),
	(232, b'0', '一对象', NULL, 59),
	(233, b'0', '数据结构', NULL, 59),
	(234, b'1', '数据流', NULL, 59),
	(235, b'0', '控制流', NULL, 59),
	(236, b'0', '数据流图', NULL, 60),
	(237, b'1', '组织结构图', NULL, 60),
	(238, b'0', '数据词典', NULL, 60),
	(239, b'0', '结构化语言', NULL, 60),
	(240, b'0', '总结', NULL, 61),
	(241, b'0', '实践性报告', NULL, 61),
	(242, b'1', '需求分析评审', NULL, 61),
	(243, b'0', '以上答案都不正确', NULL, 61),
	(244, b'0', '结构化语言外层中的顺序结构是一组祈使语句、选择语句、重复语句的顺序排列', NULL, 62),
	(245, b'0', '结构化语言外层中的选择结构使用IF-THEN--ELSE-ENDIF 等关键字', NULL, 62),
	(246, b'0', '结构化语言的内层可以采用祈使语句的自然语言短语', NULL, 62),
	(247, b'1', '结构化语言外层中的重复结构使用CASE-OF-ENDCASE 等关键字', NULL, 62),
	(248, b'0', '数据流图', NULL, 63),
	(249, b'1', '数据字典', NULL, 63),
	(250, b'0', '判定表', NULL, 63),
	(251, b'0', '判定树', NULL, 63),
	(252, b'0', '对于顺序执行和循环执行的动作，用判定表和判定树', NULL, 64),
	(253, b'0', '对于存在多个条件复杂组合的判断问题，用结构化语言描述', NULL, 64),
	(254, b'0', '判定表较判定树直观易读，判定树进行逻辑验证较严格', NULL, 64),
	(255, b'1', '可将判定表和判定树两者结合起来，先用判定表作底稿，在此基础上产生判定树', NULL, 64),
	(256, b'0', '软件设计的依据', NULL, 65),
	(257, b'0', '用户与开发人员对软件要做什么的共同理解', NULL, 65),
	(258, b'0', '软件验收的依据', NULL, 65),
	(259, b'1', '软件可行性研究的依据', NULL, 65),
	(260, b'0', '主要功能', NULL, 66),
	(261, b'1', '算法的详细过程', NULL, 66),
	(262, b'0', '用户界面及运行环境', NULL, 66),
	(263, b'0', '软件的性能', NULL, 66),
	(264, b'0', '网络图', NULL, 67),
	(265, b'0', '实体联系图', NULL, 67),
	(266, b'1', '数据字典', NULL, 67),
	(267, b'0', '程序流程图', NULL, 67),
	(268, b'0', '结构分解', NULL, 68),
	(269, b'1', '功能分解', NULL, 68),
	(270, b'0', '数据分解', NULL, 68),
	(271, b'0', '系统分解', NULL, 68),
	(272, b'0', '细节', NULL, 69),
	(273, b'1', '输人与输出', NULL, 69),
	(274, b'0', '软件的作者', NULL, 69),
	(275, b'0', '绘制的时间', NULL, 69),
	(276, b'0', '分析结果', NULL, 70),
	(277, b'0', '事件', NULL, 70),
	(278, b'0', '动作', NULL, 70),
	(279, b'1', '数据', NULL, 70),
	(280, b'0', '数据流', NULL, 71),
	(281, b'0', '数据存储', NULL, 71),
	(282, b'0', '加工', NULL, 71),
	(283, b'1', '源点与终点', NULL, 71),
	(284, b'1', '要让软件做什么', NULL, 72),
	(285, b'0', '要给该软件提供哪些信息', NULL, 72),
	(286, b'0', '要求软件工作效率怎样', NULL, 72),
	(287, b'0', '要让软件具有何种结构', NULL, 72),
	(288, b'0', '项目开发计划', NULL, 73),
	(289, b'0', '可行性分析报告', NULL, 73),
	(290, b'1', '需求规格说明书', NULL, 73),
	(291, b'0', '设计说明书', NULL, 73),
	(292, b'0', '系统的控制流程', NULL, 74),
	(293, b'0', '系统的数据结构', NULL, 74),
	(294, b'0', '系统的基本加工', NULL, 74),
	(295, b'1', '系统的功能', NULL, 74),
	(296, b'1', '获得当前系统的物理模型，抽象出当前系统的逻辑模型，建立目标系统的逻辑模型', NULL, 75),
	(297, b'0', '获得当前系统的物理模型，抽象出目标系统的逻辑模型，建立目标系统的物理模型', NULL, 75),
	(298, b'0', '获得当前系统的逻辑模型，建立当前系统的物理模型，抽象出目标系统的逻辑模型', NULL, 75),
	(299, b'0', '获得当前系统的逻辑模型，建立当前系统的物理模型，建立目标系统的物理模型', NULL, 75),
	(300, b'0', '结构化语言', NULL, 76),
	(301, b'0', '判定树', NULL, 76),
	(302, b'0', '判定表', NULL, 76),
	(303, b'1', '流程图', NULL, 76),
	(304, b'0', '程序流程图', NULL, 77),
	(305, b'0', '实体联系图', NULL, 77),
	(306, b'1', '数据流图', NULL, 77),
	(307, b'0', '结构图', NULL, 77),
	(308, b'0', '自底向上逐步抽象', NULL, 78),
	(309, b'0', '自底向上逐步分解', NULL, 78),
	(310, b'1', '自顶向下逐步分解', NULL, 78),
	(311, b'0', '自顶向下逐步抽象', NULL, 78),
	(312, b'0', '每个数据流必须用名词或名词短语命名', NULL, 79),
	(313, b'0', '每个加工必须有名字，通常是动词短语', NULL, 79),
	(314, b'1', '每个数据存储必须用名词或名词短语', NULL, 79),
	(315, b'0', '每个数据源点或终点必须有名字', NULL, 79),
	(316, b'0', '判定表能够把在什么条件下系统应做什么动作准确无误地表示出来', NULL, 80),
	(317, b'1', '判定表能够描述循环的处理特性', NULL, 80),
	(318, b'0', '结构化语言同样能够描述循环的处理特性', NULL, 80),
	(319, b'0', '判定树是判定表的变形，一般情况下它比判定表更直观，且易于理解和使用', NULL, 80),
	(320, b'1', '面向数据结构的分析方法', NULL, 81),
	(321, b'0', '面向时序问题的分析方法', NULL, 81),
	(322, b'0', '面向事务的分析方法', NULL, 81),
	(323, b'1', '数据流图', NULL, 82),
	(324, b'0', '数据字典', NULL, 82),
	(325, b'0', '判定表', NULL, 82),
	(326, b'0', '判定树', NULL, 82),
	(327, b'0', '对象', NULL, 83),
	(328, b'0', '数据结构', NULL, 83),
	(329, b'1', '数据流', NULL, 83),
	(330, b'0', '结构图', NULL, 83),
	(331, b'0', '层次图', NULL, 84),
	(332, b'1', '数据字典', NULL, 84),
	(333, b'0', '数据流图', NULL, 84),
	(334, b'0', 'IPO 图', NULL, 84),
	(335, b'0', 'IPO 图', NULL, 85),
	(336, b'1', 'PDL 图', NULL, 85),
	(337, b'0', '数据字典', NULL, 85),
	(338, b'0', '层次图', NULL, 85),
	(339, b'0', '问题分解', NULL, 86),
	(340, b'0', '可靠性与安全性要求', NULL, 86),
	(341, b'1', '结构化程序设计', NULL, 86),
	(342, b'0', '确定逻辑模型', NULL, 86),
	(343, b'1', '软件开发工作的基础', NULL, 87),
	(344, b'0', '软件生存周期的开始', NULL, 87),
	(345, b'0', '由系统分析员单独完成的', NULL, 87),
	(346, b'0', '由用户自己单独完成的', NULL, 87),
	(347, b'1', '控制流', NULL, 88),
	(348, b'0', '数据流', NULL, 88),
	(349, b'0', '程序流', NULL, 88),
	(350, b'0', '指令流', NULL, 88),
	(351, b'0', '互相排斥', NULL, 89),
	(352, b'1', '互相补充', NULL, 89),
	(353, b'0', '独立使用', NULL, 89),
	(354, b'0', '交替使用', NULL, 89),
	(355, b'0', '严格定义需求', NULL, 90),
	(356, b'0', '划分开发阶段', NULL, 90),
	(357, b'1', '提供运行模型', NULL, 90),
	(358, b'0', '制定规范文档', NULL, 90),
	(359, b'1', '自顶向下逐层分解的分析方法', NULL, 91),
	(360, b'0', '自底向上逐层分解的分析方法', NULL, 91),
	(361, b'0', '面向对象的分析方法', NULL, 91),
	(362, b'0', '以上都不是', NULL, 91),
	(363, b'0', '顺序结构', NULL, 92),
	(364, b'0', '条件结构', NULL, 92),
	(365, b'0', '选择结构', NULL, 92),
	(366, b'1', '嵌套结构', NULL, 92),
	(367, b'0', 'FD 图', NULL, 93),
	(368, b'0', 'PAD 图', NULL, 93),
	(369, b'0', 'IPO 图', NULL, 93),
	(370, b'1', '数据字典', NULL, 93),
	(371, b'0', 'FD 图', NULL, 94),
	(372, b'1', 'PAD 图', NULL, 94),
	(373, b'0', '结构化英语', NULL, 94),
	(374, b'0', '判定表', NULL, 94),
	(375, b'0', '对象', NULL, 95),
	(376, b'0', '数据流', NULL, 95),
	(377, b'1', '数据结构', NULL, 95),
	(378, b'0', '控制结构', NULL, 95),
	(379, b'0', '分支结构、选择结构和控制结构', NULL, 96),
	(380, b'1', '顺序结构、选择结构和循环结构', NULL, 96),
	(381, b'0', '顺序结构、分支结构和嵌套结构', NULL, 96),
	(382, b'0', '顺序结构、选择结构和重复结构', NULL, 96),
	(383, b'0', '原型化方法', NULL, 97),
	(384, b'1', '结构化方法', NULL, 97),
	(385, b'0', '面向对象方法', NULL, 97),
	(386, b'0', '功能分解方法', NULL, 97),
	(387, b'0', '功能需求', NULL, 98),
	(388, b'0', '非功能需求', NULL, 98),
	(389, b'0', '性能需求', NULL, 98),
	(390, b'1', '功能需求和非功能需求', NULL, 98),
	(391, b'1', '数据流图', NULL, 99),
	(392, b'0', '程序框图', NULL, 99),
	(393, b'0', '软件结构', NULL, 99),
	(394, b'0', '方框图', NULL, 99),
	(395, b'1', '是', NULL, 100),
	(396, b'0', '否', NULL, 100),
	(397, b'1', '是', NULL, 101),
	(398, b'0', '否', NULL, 101),
	(399, b'0', '是', NULL, 102),
	(400, b'1', '否', NULL, 102),
	(401, b'0', '是', NULL, 103),
	(402, b'1', '否', NULL, 103),
	(403, b'0', '是', NULL, 104),
	(404, b'1', '否', NULL, 104),
	(405, b'0', '是', NULL, 105),
	(406, b'1', '否', NULL, 105),
	(407, b'0', '是', NULL, 106),
	(408, b'1', '否', NULL, 106),
	(409, b'0', '是', NULL, 107),
	(410, b'1', '否', NULL, 107),
	(411, b'1', '是', NULL, 108),
	(412, b'0', '否', NULL, 108),
	(413, b'1', '是', NULL, 109),
	(414, b'0', '否', NULL, 109),
	(415, b'1', '建构性测试', NULL, 110),
	(416, b'1', '系统测试', NULL, 110),
	(417, b'1', '专项测试', NULL, 110),
	(418, b'0', '单元测试', NULL, 110),
	(419, b'0', '组件测试', NULL, 110),
	(420, b'0', '集成测试', NULL, 110),
	(421, b'1', '测试用例覆盖', NULL, 111),
	(422, b'1', '输入覆盖', NULL, 111),
	(423, b'1', '输出覆盖', NULL, 111),
	(424, b'0', '分支覆盖', NULL, 111),
	(425, b'0', '语句覆盖', NULL, 111),
	(426, b'0', '条件覆盖', NULL, 111),
	(427, b'1', '分析', NULL, 112),
	(428, b'1', '设计', NULL, 112),
	(429, b'1', '编码', NULL, 112),
	(430, b'1', '测试', NULL, 112),
	(431, b'0', '需求调研', NULL, 112),
	(432, b'0', '实施', NULL, 112),
	(433, b'1', 'alpha 测试需要用户代表参加', NULL, 113),
	(434, b'0', 'alpha 测试不需要用户代表参加', NULL, 113),
	(435, b'0', 'alpha 测试是系统测试的一种', NULL, 113),
	(436, b'1', 'alpha 测试是验收测试的一种', NULL, 113),
	(437, b'1', '软件需求分析说明书中定义的所有功能已全部实现， 性能指标全部达到要求。', NULL, 114),
	(438, b'1', '所有测试项没有残余一级、二级和三级错误。', NULL, 114),
	(439, b'1', '立项审批表、需求分析文档、设计文档和编码实现一致。', NULL, 114),
	(440, b'1', '验收测试工件齐全。', NULL, 114),
	(441, b'1', '使测试工作顺利进行', NULL, 115),
	(442, b'1', '使项目参与人员沟通更舒畅', NULL, 115),
	(443, b'1', '使测试工作更加系统化', NULL, 115),
	(444, b'0', '软件工程以及软件过程的需要', NULL, 115),
	(445, b'0', '软件过程规范化的要求', NULL, 115),
	(446, b'0', '控制软件质量', NULL, 115),
	(447, b'0', '代码', NULL, 116),
	(448, b'1', '模块', NULL, 116),
	(449, b'0', '数据库', NULL, 116),
	(450, b'0', '界面', NULL, 116),
	(451, b'0', '数据库是独立系统，不需要操作系统支持', NULL, 117),
	(452, b'0', '数据库技术的根本目标是解决数据库共享问题', NULL, 117),
	(453, b'1', '数据库设计指的是数据库管理系统', NULL, 117),
	(454, b'0', '在数据库系统中，数据的物理结构必须与逻辑结构一致', NULL, 117),
	(455, b'0', '需求解释有错误', NULL, 118),
	(456, b'0', '设计说明有误', NULL, 118),
	(457, b'0', '软件代码有误', NULL, 118),
	(458, b'1', '操作系统有误', NULL, 118),
	(459, b'1', '面向数据结构的分析方法', NULL, 119),
	(460, b'0', '面向时序问题的分析方法', NULL, 119),
	(461, b'0', '面向事务的分析方法', NULL, 119),
	(462, b'1', '数据流图', NULL, 120),
	(463, b'0', '数据字典', NULL, 120),
	(464, b'0', '判定表', NULL, 120),
	(465, b'0', '判定树', NULL, 120),
	(466, b'0', '对象', NULL, 121),
	(467, b'0', '数据结构', NULL, 121),
	(468, b'1', '数据流', NULL, 121),
	(469, b'0', '结构图', NULL, 121),
	(470, b'0', '层次图', NULL, 122),
	(471, b'1', '数据字典', NULL, 122),
	(472, b'0', '数据流图', NULL, 122),
	(473, b'0', 'IPO 图', NULL, 122),
	(474, b'0', 'IPO 图', NULL, 123),
	(475, b'1', 'PDL 图', NULL, 123),
	(476, b'0', '数据字典', NULL, 123),
	(477, b'0', '层次图', NULL, 123),
	(478, b'0', '问题分解', NULL, 124),
	(479, b'0', '可靠性与安全性要求', NULL, 124),
	(480, b'1', '结构化程序设计', NULL, 124),
	(481, b'0', '确定逻辑模型', NULL, 124),
	(482, b'1', '软件开发工作的基础', NULL, 125),
	(483, b'0', '软件生存周期的开始', NULL, 125),
	(484, b'0', '由系统分析员单独完成的', NULL, 125),
	(485, b'0', '由用户自己单独完成的', NULL, 125),
	(486, b'1', '控制流', NULL, 126),
	(487, b'0', '数据流', NULL, 126),
	(488, b'0', '程序流', NULL, 126),
	(489, b'0', '指令流', NULL, 126),
	(490, b'0', '互相排斥', NULL, 127),
	(491, b'1', '互相补充', NULL, 127),
	(492, b'0', '独立使用', NULL, 127),
	(493, b'0', '交替使用', NULL, 127),
	(494, b'0', '严格定义需求', NULL, 128),
	(495, b'0', '划分开发阶段', NULL, 128),
	(496, b'1', '提供运行模型', NULL, 128),
	(497, b'0', '制定规范文档', NULL, 128),
	(498, b'1', '自顶向下逐层分解的分析方法', NULL, 129),
	(499, b'0', '自底向上逐层分解的分析方法', NULL, 129),
	(500, b'0', '面向对象的分析方法', NULL, 129),
	(501, b'0', '以上都不是', NULL, 129),
	(502, b'0', '顺序结构', NULL, 130),
	(503, b'0', '条件结构', NULL, 130),
	(504, b'0', '选择结构', NULL, 130),
	(505, b'1', '嵌套结构', NULL, 130),
	(506, b'1', '是', NULL, 131),
	(507, b'0', '否', NULL, 131),
	(508, b'0', '是', NULL, 132),
	(509, b'1', '否', NULL, 132),
	(510, b'0', '是', NULL, 133),
	(511, b'1', '否', NULL, 133),
	(512, b'1', 'alpha 测试需要用户代表参加', NULL, 134),
	(513, b'0', 'alpha 测试不需要用户代表参加', NULL, 134),
	(514, b'0', 'alpha 测试是系统测试的一种', NULL, 134),
	(515, b'1', 'alpha 测试是验收测试的一种', NULL, 134),
	(516, b'1', '软件需求分析说明书中定义的所有功能已全部实现， 性能指标全部达到要求。', NULL, 135),
	(517, b'1', '所有测试项没有残余一级、二级和三级错误。', NULL, 135),
	(518, b'1', '立项审批表、需求分析文档、设计文档和编码实现一致。', NULL, 135),
	(519, b'1', '验收测试工件齐全。', NULL, 135),
	(520, b'0', '需求分析', NULL, 136),
	(521, b'0', '结构设计', NULL, 136),
	(522, b'0', '程序编制', NULL, 136),
	(523, b'1', '软件维护', NULL, 136),
	(524, b'1', '研制', NULL, 137),
	(525, b'0', '拷贝', NULL, 137),
	(526, b'0', '再生产', NULL, 137),
	(527, b'0', '复制', NULL, 137),
	(528, b'0', '喷泉模型', NULL, 138),
	(529, b'0', '增量模型', NULL, 138),
	(530, b'1', '瀑布模型', NULL, 138),
	(531, b'0', '螺旋模型', NULL, 138),
	(532, b'0', '详细设计', NULL, 139),
	(533, b'1', '可行性分析和项目开发计划', NULL, 139),
	(534, b'0', '概要设计', NULL, 139),
	(535, b'0', '软件测试', NULL, 139),
	(536, b'0', '有形', NULL, 140),
	(537, b'0', '消耗', NULL, 140),
	(538, b'1', '逻辑', NULL, 140),
	(539, b'0', '文档', NULL, 140),
	(540, b'0', '原型模型', NULL, 141),
	(541, b'0', '螺旋模型', NULL, 141),
	(542, b'1', '基于知识的智能模型', NULL, 141),
	(543, b'0', '喷泉模型', NULL, 141),
	(544, b'0', '概要设计', NULL, 142),
	(545, b'1', '详细设计', NULL, 142),
	(546, b'0', '编码', NULL, 142),
	(547, b'0', '测试', NULL, 142),
	(548, b'1', '原型模型', NULL, 143),
	(549, b'0', '瀑布模型', NULL, 143),
	(550, b'0', '基于知识的智能模型', NULL, 143),
	(551, b'0', '变换模型', NULL, 143),
	(552, b'0', '原型模型', NULL, 144),
	(553, b'0', '瀑布模型', NULL, 144),
	(554, b'1', '喷泉模型', NULL, 144),
	(555, b'0', '螺旋模型', NULL, 144),
	(556, b'0', '原型模型', NULL, 145),
	(557, b'0', '瀑布模型', NULL, 145),
	(558, b'0', '喷泉模型', NULL, 145),
	(559, b'1', '螺旋模型', NULL, 145),
	(560, b'0', '可修改性', NULL, 146),
	(561, b'0', '可靠性', NULL, 146),
	(562, b'1', '可适应性', NULL, 146),
	(563, b'0', '可重用性', NULL, 146),
	(564, b'0', '可移植性', NULL, 147),
	(565, b'1', '可重用性', NULL, 147),
	(566, b'0', '容错性', NULL, 147),
	(567, b'0', '可适应性', NULL, 147),
	(568, b'1', '可理解性', NULL, 148),
	(569, b'0', '可靠性', NULL, 148),
	(570, b'0', '可适应性', NULL, 148),
	(571, b'0', '可重用性', NULL, 148),
	(572, b'0', '可理解性', NULL, 149),
	(573, b'1', '可维护性', NULL, 149),
	(574, b'0', '可适应性', NULL, 149),
	(575, b'0', '可重用性', NULL, 149),
	(576, b'0', '可理解性', NULL, 150),
	(577, b'0', '可修改性', NULL, 150),
	(578, b'1', '可移植性', NULL, 150),
	(579, b'0', '可重用性', NULL, 150),
	(580, b'0', '有效性', NULL, 151),
	(581, b'0', '可适应性', NULL, 151),
	(582, b'0', '正确性', NULL, 151),
	(583, b'1', '可靠性', NULL, 151),
	(584, b'1', '可修改性', NULL, 152),
	(585, b'0', '可适应性', NULL, 152),
	(586, b'0', '可维护性', NULL, 152),
	(587, b'0', '可移植性', NULL, 152),
	(588, b'0', '可理解性', NULL, 153),
	(589, b'0', '可互操作性', NULL, 153),
	(590, b'1', '可维护性', NULL, 153),
	(591, b'0', '可追踪性', NULL, 153),
	(592, b'0', '可理解性', NULL, 154),
	(593, b'0', '可互操作性', NULL, 154),
	(594, b'1', '可追踪性', NULL, 154),
	(595, b'0', '可维护性', NULL, 154),
	(596, b'0', '有效性', NULL, 155),
	(597, b'0', '可互操作性', NULL, 155),
	(598, b'0', '可追踪性', NULL, 155),
	(599, b'1', '可维护性', NULL, 155),
	(600, b'1', '可适应性', NULL, 156),
	(601, b'0', '可互操作性', NULL, 156),
	(602, b'0', '可追踪性', NULL, 156),
	(603, b'0', '有效性', NULL, 156),
	(604, b'0', '有效性', NULL, 157),
	(605, b'1', '可移植性', NULL, 157),
	(606, b'0', '可追踪性', NULL, 157),
	(607, b'0', '可靠性', NULL, 157),
	(608, b'0', '有效性', NULL, 158),
	(609, b'0', '可互操作性', NULL, 158),
	(610, b'1', '可靠性', NULL, 158),
	(611, b'0', '可追踪性', NULL, 158),
	(612, b'0', '组装测试计划', NULL, 159),
	(613, b'0', '单元测试计划', NULL, 159),
	(614, b'0', '软件总体设计', NULL, 159),
	(615, b'1', '验收测试计划', NULL, 159),
	(616, b'1', '组装测试计划', NULL, 160),
	(617, b'0', '单元测试计划', NULL, 160),
	(618, b'0', '初步用户手册', NULL, 160),
	(619, b'0', '验收测试计划', NULL, 160),
	(620, b'0', '组装测试计划', NULL, 161),
	(621, b'1', '单元测试计划', NULL, 161),
	(622, b'0', '初步用户手册', NULL, 161),
	(623, b'0', '验收测试计划', NULL, 161),
	(624, b'0', '组装测试计划', NULL, 162),
	(625, b'0', '绘制程序流程图', NULL, 162),
	(626, b'1', '单元测试', NULL, 162),
	(627, b'0', '验收测试计划', NULL, 162),
	(628, b'0', '项目开发总结报告', NULL, 163),
	(629, b'0', '验收测试计划', NULL, 163),
	(630, b'0', '需求规格说明书', NULL, 163),
	(631, b'1', '最终用户手册', NULL, 163),
	(632, b'0', '项目开发计划', NULL, 164),
	(633, b'0', '可行性分析报告', NULL, 164),
	(634, b'1', '需求规格说明书', NULL, 164),
	(635, b'0', '设计说明书', NULL, 164),
	(636, b'1', '让软件做什么', NULL, 165),
	(637, b'0', '要给软件提供哪些信息', NULL, 165),
	(638, b'0', '要求软件工作效率怎样', NULL, 165),
	(639, b'0', '让软件具有何种结构', NULL, 165),
	(640, b'0', '一个输入流或一个输出流', NULL, 166),
	(641, b'1', '一个输入流和一个输出流', NULL, 166),
	(642, b'0', '一个输入流', NULL, 166),
	(643, b'0', '一个输出流', NULL, 166),
	(644, b'0', '数据流', NULL, 167),
	(645, b'0', '数据存储', NULL, 167),
	(646, b'0', '加工', NULL, 167),
	(647, b'1', '源点与终点', NULL, 167),
	(648, b'0', '细节', NULL, 168),
	(649, b'1', '输入与输出', NULL, 168),
	(650, b'0', '软件的作用', NULL, 168),
	(651, b'0', '绘制的时间', NULL, 168),
	(652, b'0', '主要功能', NULL, 169),
	(653, b'1', '算法的详细过程', NULL, 169),
	(654, b'0', '用户界面和运行环境', NULL, 169),
	(655, b'0', '软件性能', NULL, 169),
	(656, b'0', '软件设计的依据', NULL, 170),
	(657, b'0', '用户与开发人员对软件要做什么的共同理解', NULL, 170),
	(658, b'0', '软件验收的依据', NULL, 170),
	(659, b'1', '软件可行性研究的依据', NULL, 170),
	(660, b'0', '系统的控制流程', NULL, 171),
	(661, b'0', '系统的数据结构', NULL, 171),
	(662, b'0', '系统的基本加工', NULL, 171),
	(663, b'1', '系统的功能', NULL, 171),
	(664, b'0', '某些加工的数据接口', NULL, 172),
	(665, b'0', '某个加工的特定输入', NULL, 172),
	(666, b'0', '某个加工的特定输出', NULL, 172),
	(667, b'1', '某些加工的数据接口或某个加工的特定输入输出', NULL, 172),
	(668, b'1', '必须一致', NULL, 173),
	(669, b'0', '数目必须相等', NULL, 173),
	(670, b'0', '名字必须相同', NULL, 173),
	(671, b'0', '数目必须不等', NULL, 173),
	(672, b'0', '结构化语言', NULL, 174),
	(673, b'0', '判定表', NULL, 174),
	(674, b'0', '判定树', NULL, 174),
	(675, b'1', '流程图', NULL, 174),
	(676, b'1', '获得当前系统的物理模型，抽象出当前系统的逻辑模型，建立目标系统的逻辑模型', NULL, 175),
	(677, b'0', '获得当前系统的物理模型，抽象出当前系统的逻辑模型，建立目标系统的物理模型', NULL, 175),
	(678, b'0', '获得当前系统的逻辑模型，建立当前系统的物理模型，抽象出目标系统的逻辑模型', NULL, 175),
	(679, b'0', '获得当前系统的逻辑模型，建立当前系统的物理模型，建立目标系统的物理模型', NULL, 175),
	(680, b'0', '自底向上逐步抽象', NULL, 176),
	(681, b'0', '自底向上逐步分解', NULL, 176),
	(682, b'1', '自顶向下逐步分解', NULL, 176),
	(683, b'0', '自顶向上抽象', NULL, 176),
	(684, b'1', '数据流图', NULL, 177),
	(685, b'0', '数据字典', NULL, 177),
	(686, b'0', '判定表', NULL, 177),
	(687, b'0', '判定树', NULL, 177),
	(688, b'0', '对象', NULL, 178),
	(689, b'0', '数据结构', NULL, 178),
	(690, b'1', '数据流', NULL, 178),
	(691, b'0', '结构图', NULL, 178),
	(692, b'0', '层次图', NULL, 179),
	(693, b'1', '数据字典', NULL, 179),
	(694, b'0', '数据流图', NULL, 179),
	(695, b'0', 'IPO 图', NULL, 179),
	(696, b'0', 'IPO 图', NULL, 180),
	(697, b'1', 'PDL 图', NULL, 180),
	(698, b'0', '数据字典', NULL, 180),
	(699, b'0', '层次图', NULL, 180),
	(700, b'0', '问题分解', NULL, 181),
	(701, b'0', '可靠性与安全性要求', NULL, 181),
	(702, b'1', '结构化程序设计', NULL, 181),
	(703, b'0', '确定逻辑模型', NULL, 181),
	(704, b'1', '软件开发工作的基础', NULL, 182),
	(705, b'0', '软件生存周期的开始', NULL, 182),
	(706, b'0', '由系统分析员单独完成的', NULL, 182),
	(707, b'0', '由用户自己单独完成的', NULL, 182),
	(708, b'1', '控制流', NULL, 183),
	(709, b'0', '数据流', NULL, 183),
	(710, b'0', '程序流', NULL, 183),
	(711, b'0', '指令流', NULL, 183),
	(712, b'0', '互相排斥', NULL, 184),
	(713, b'1', '互相补充', NULL, 184),
	(714, b'0', '独立使用', NULL, 184),
	(715, b'0', '交替使用', NULL, 184),
	(716, b'0', '严格定义需求', NULL, 185),
	(717, b'0', '划分开发阶段', NULL, 185),
	(718, b'1', '提供运行模型', NULL, 185),
	(719, b'0', '制定规范文档', NULL, 185),
	(720, b'1', '自顶向下逐层分解的分析方法', NULL, 186),
	(721, b'0', '自底向上逐层分解的分析方法', NULL, 186),
	(722, b'0', '面向对象的分析方法', NULL, 186),
	(723, b'0', '以上都不是', NULL, 186),
	(724, b'0', '顺序结构', NULL, 187),
	(725, b'0', '条件结构', NULL, 187),
	(726, b'0', '选择结构', NULL, 187),
	(727, b'1', '嵌套结构', NULL, 187),
	(728, b'0', 'FD 图', NULL, 188),
	(729, b'0', 'PAD 图', NULL, 188),
	(730, b'0', 'IPO 图', NULL, 188),
	(731, b'1', '数据字典', NULL, 188),
	(732, b'0', 'FD 图', NULL, 189),
	(733, b'1', 'PAD 图', NULL, 189),
	(734, b'0', '结构化英语', NULL, 189),
	(735, b'0', '判定表', NULL, 189),
	(736, b'0', '对象', NULL, 190),
	(737, b'0', '数据流', NULL, 190),
	(738, b'1', '数据结构', NULL, 190),
	(739, b'0', '控制结构', NULL, 190),
	(740, b'0', '分支结构、选择结构和控制结构', NULL, 191),
	(741, b'1', '顺序结构、选择结构和循环结构', NULL, 191),
	(742, b'0', '顺序结构、分支结构和嵌套结构', NULL, 191),
	(743, b'0', '顺序结构、选择结构和重复结构', NULL, 191),
	(744, b'0', '原型化方法', NULL, 192),
	(745, b'1', '结构化方法', NULL, 192),
	(746, b'0', '面向对象方法', NULL, 192),
	(747, b'0', '功能分解方法', NULL, 192),
	(748, b'0', '功能需求', NULL, 193),
	(749, b'0', '非功能需求', NULL, 193),
	(750, b'0', '性能需求', NULL, 193),
	(751, b'1', '功能需求和非功能需求', NULL, 193),
	(752, b'1', '当前运行系统', NULL, 194),
	(753, b'0', '当前逻辑模型', NULL, 194),
	(754, b'0', '目标系统', NULL, 194),
	(755, b'0', '新系统', NULL, 194),
	(756, b'0', '逻辑系统', NULL, 195),
	(757, b'0', '程序系统', NULL, 195),
	(758, b'1', '体系结构', NULL, 195),
	(759, b'0', '物理系统', NULL, 195),
	(760, b'0', '判定表', NULL, 196),
	(761, b'0', 'IPO 图', NULL, 196),
	(762, b'0', 'PDL ', NULL, 196),
	(763, b'1', 'DFD 图', NULL, 196),
	(764, b'0', '过程、子程序和分程序', NULL, 197),
	(765, b'1', '顺序、选择和重复', NULL, 197),
	(766, b'0', '递归、堆栈和队列', NULL, 197),
	(767, b'0', '调用、返回和转移', NULL, 197),
	(768, b'0', '不能嵌套使用', NULL, 198),
	(769, b'0', '只能用来写简单程序', NULL, 198),
	(770, b'0', '已经用硬件实现', NULL, 198),
	(771, b'1', '只有一个入口和一个出口', NULL, 198),
	(772, b'0', '生存期', NULL, 199),
	(773, b'0', '面向对象设计', NULL, 199),
	(774, b'0', '面向对象程序设计', NULL, 199),
	(775, b'1', '面向对象分析', NULL, 199),
	(776, b'1', '需求不确定性高的', NULL, 200),
	(777, b'0', '需求确定的', NULL, 200),
	(778, b'0', '管理信息', NULL, 200),
	(779, b'0', '实时', NULL, 200),
	(780, b'1', '自外向内', NULL, 201),
	(781, b'0', '自顶向下', NULL, 201),
	(782, b'0', '自内向外', NULL, 201),
	(783, b'0', '自底向上', NULL, 201),
	(784, b'0', '数据流图', NULL, 202),
	(785, b'0', '判定表', NULL, 202),
	(786, b'1', 'PAD 图', NULL, 202),
	(787, b'0', '数据字典', NULL, 202),
	(788, b'0', '用户要求', NULL, 203),
	(789, b'0', '合理要求', NULL, 203),
	(790, b'1', '模糊要求', NULL, 203),
	(791, b'0', '对象', NULL, 204),
	(792, b'0', '解释', NULL, 204),
	(793, b'0', '符号', NULL, 204),
	(794, b'1', '描述', NULL, 204),
	(795, b'0', '控制流', NULL, 205),
	(796, b'0', '信息流', NULL, 205),
	(797, b'1', '数据流', NULL, 205),
	(798, b'0', '信号流', NULL, 205),
	(799, b'1', '数据流图', NULL, 206),
	(800, b'0', '数据词典', NULL, 206),
	(801, b'0', '结构化英语', NULL, 206),
	(802, b'0', '判定树与判定表', NULL, 206),
	(803, b'0', '数据流图', NULL, 207),
	(804, b'1', '数据词典', NULL, 207),
	(805, b'0', '结构化英语', NULL, 207),
	(806, b'0', '判定树与判定表', NULL, 207),
	(807, b'0', '一对象', NULL, 208),
	(808, b'0', '数据结构', NULL, 208),
	(809, b'1', '数据流', NULL, 208),
	(810, b'0', '控制流', NULL, 208),
	(811, b'0', '数据流图', NULL, 209),
	(812, b'1', '组织结构图', NULL, 209),
	(813, b'0', '数据词典', NULL, 209),
	(814, b'0', '结构化语言', NULL, 209),
	(815, b'0', '总结', NULL, 210),
	(816, b'0', '实践性报告', NULL, 210),
	(817, b'1', '需求分析评审', NULL, 210),
	(818, b'0', '以上答案都不正确', NULL, 210),
	(819, b'0', '结构化语言外层中的顺序结构是一组祈使语句、选择语句、重复语句的顺序排列', NULL, 211),
	(820, b'0', '结构化语言外层中的选择结构使用IF-THEN--ELSE-ENDIF 等关键字', NULL, 211),
	(821, b'0', '结构化语言的内层可以采用祈使语句的自然语言短语', NULL, 211),
	(822, b'1', '结构化语言外层中的重复结构使用CASE-OF-ENDCASE 等关键字', NULL, 211),
	(823, b'0', '数据流图', NULL, 212),
	(824, b'1', '数据字典', NULL, 212),
	(825, b'0', '判定表', NULL, 212),
	(826, b'0', '判定树', NULL, 212),
	(827, b'1', '面向数据结构的分析方法', NULL, 213),
	(828, b'0', '面向时序问题的分析方法', NULL, 213),
	(829, b'0', '面向事务的分析方法', NULL, 213),
	(830, b'1', '数据流图', NULL, 214),
	(831, b'0', '数据字典', NULL, 214),
	(832, b'0', '判定表', NULL, 214),
	(833, b'0', '判定树', NULL, 214),
	(834, b'0', '对象', NULL, 215),
	(835, b'0', '数据结构', NULL, 215),
	(836, b'1', '数据流', NULL, 215),
	(837, b'0', '结构图', NULL, 215),
	(838, b'0', '层次图', NULL, 216),
	(839, b'1', '数据字典', NULL, 216),
	(840, b'0', '数据流图', NULL, 216),
	(841, b'0', 'IPO 图', NULL, 216),
	(842, b'0', 'IPO 图', NULL, 217),
	(843, b'1', 'PDL 图', NULL, 217),
	(844, b'0', '数据字典', NULL, 217),
	(845, b'0', '层次图', NULL, 217),
	(846, b'0', '问题分解', NULL, 218),
	(847, b'0', '可靠性与安全性要求', NULL, 218),
	(848, b'1', '结构化程序设计', NULL, 218),
	(849, b'0', '确定逻辑模型', NULL, 218),
	(850, b'1', '软件开发工作的基础', NULL, 219),
	(851, b'0', '软件生存周期的开始', NULL, 219),
	(852, b'0', '由系统分析员单独完成的', NULL, 219),
	(853, b'0', '由用户自己单独完成的', NULL, 219),
	(854, b'1', '控制流', NULL, 220),
	(855, b'0', '数据流', NULL, 220),
	(856, b'0', '程序流', NULL, 220),
	(857, b'0', '指令流', NULL, 220),
	(858, b'0', '互相排斥', NULL, 221),
	(859, b'1', '互相补充', NULL, 221),
	(860, b'0', '独立使用', NULL, 221),
	(861, b'0', '交替使用', NULL, 221),
	(862, b'0', '严格定义需求', NULL, 222),
	(863, b'0', '划分开发阶段', NULL, 222),
	(864, b'1', '提供运行模型', NULL, 222),
	(865, b'0', '制定规范文档', NULL, 222),
	(866, b'1', '自顶向下逐层分解的分析方法', NULL, 223),
	(867, b'0', '自底向上逐层分解的分析方法', NULL, 223),
	(868, b'0', '面向对象的分析方法', NULL, 223),
	(869, b'0', '以上都不是', NULL, 223),
	(870, b'0', '顺序结构', NULL, 224),
	(871, b'0', '条件结构', NULL, 224),
	(872, b'0', '选择结构', NULL, 224),
	(873, b'1', '嵌套结构', NULL, 224),
	(874, b'1', '是', NULL, 225),
	(875, b'0', '否', NULL, 225),
	(876, b'0', '是', NULL, 226),
	(877, b'1', '否', NULL, 226),
	(878, b'0', '是', NULL, 227),
	(879, b'1', '否', NULL, 227),
	(880, b'1', 'alpha 测试需要用户代表参加', NULL, 228),
	(881, b'0', 'alpha 测试不需要用户代表参加', NULL, 228),
	(882, b'0', 'alpha 测试是系统测试的一种', NULL, 228),
	(883, b'1', 'alpha 测试是验收测试的一种', NULL, 228),
	(884, b'1', '软件需求分析说明书中定义的所有功能已全部实现， 性能指标全部达到要求。', NULL, 229),
	(885, b'1', '所有测试项没有残余一级、二级和三级错误。', NULL, 229),
	(886, b'1', '立项审批表、需求分析文档、设计文档和编码实现一致。', NULL, 229),
	(887, b'1', '验收测试工件齐全。', NULL, 229),
	(888, b'0', '杀敌发斯蒂芬', NULL, 230),
	(889, b'1', '撒地方', NULL, 230),
	(890, b'0', '撒地方', NULL, 230),
	(891, b'1', '当前运行系统', NULL, 231),
	(892, b'0', '当前逻辑模型', NULL, 231),
	(893, b'0', '目标系统', NULL, 231),
	(894, b'0', '新系统', NULL, 231),
	(895, b'0', '逻辑系统', NULL, 232),
	(896, b'0', '程序系统', NULL, 232),
	(897, b'1', '体系结构', NULL, 232),
	(898, b'0', '物理系统', NULL, 232),
	(899, b'0', '判定表', NULL, 233),
	(900, b'0', 'IPO 图', NULL, 233),
	(901, b'0', 'PDL ', NULL, 233),
	(902, b'1', 'DFD 图', NULL, 233),
	(903, b'0', '过程、子程序和分程序', NULL, 234),
	(904, b'1', '顺序、选择和重复', NULL, 234),
	(905, b'0', '递归、堆栈和队列', NULL, 234),
	(906, b'0', '调用、返回和转移', NULL, 234),
	(907, b'0', '不能嵌套使用', NULL, 235),
	(908, b'0', '只能用来写简单程序', NULL, 235),
	(909, b'0', '已经用硬件实现', NULL, 235),
	(910, b'1', '只有一个入口和一个出口', NULL, 235),
	(911, b'0', '生存期', NULL, 236),
	(912, b'0', '面向对象设计', NULL, 236),
	(913, b'0', '面向对象程序设计', NULL, 236),
	(914, b'1', '面向对象分析', NULL, 236),
	(915, b'1', '需求不确定性高的', NULL, 237),
	(916, b'0', '需求确定的', NULL, 237),
	(917, b'0', '管理信息', NULL, 237),
	(918, b'0', '实时', NULL, 237),
	(919, b'1', '自外向内', NULL, 238),
	(920, b'0', '自顶向下', NULL, 238),
	(921, b'0', '自内向外', NULL, 238),
	(922, b'0', '自底向上', NULL, 238),
	(923, b'0', '数据流图', NULL, 239),
	(924, b'0', '判定表', NULL, 239),
	(925, b'1', 'PAD 图', NULL, 239),
	(926, b'0', '数据字典', NULL, 239),
	(927, b'0', '用户要求', NULL, 240),
	(928, b'0', '合理要求', NULL, 240),
	(929, b'1', '模糊要求', NULL, 240),
	(930, b'0', '对象', NULL, 241),
	(931, b'0', '解释', NULL, 241),
	(932, b'0', '符号', NULL, 241),
	(933, b'1', '描述', NULL, 241),
	(934, b'0', '控制流', NULL, 242),
	(935, b'0', '信息流', NULL, 242),
	(936, b'1', '数据流', NULL, 242),
	(937, b'0', '信号流', NULL, 242),
	(938, b'1', '数据流图', NULL, 243),
	(939, b'0', '数据词典', NULL, 243),
	(940, b'0', '结构化英语', NULL, 243),
	(941, b'0', '判定树与判定表', NULL, 243),
	(942, b'0', '数据流图', NULL, 244),
	(943, b'1', '数据词典', NULL, 244),
	(944, b'0', '结构化英语', NULL, 244),
	(945, b'0', '判定树与判定表', NULL, 244),
	(946, b'0', '一对象', NULL, 245),
	(947, b'0', '数据结构', NULL, 245),
	(948, b'1', '数据流', NULL, 245),
	(949, b'0', '控制流', NULL, 245),
	(950, b'0', '数据流图', NULL, 246),
	(951, b'1', '组织结构图', NULL, 246),
	(952, b'0', '数据词典', NULL, 246),
	(953, b'0', '结构化语言', NULL, 246),
	(954, b'0', '总结', NULL, 247),
	(955, b'0', '实践性报告', NULL, 247),
	(956, b'1', '需求分析评审', NULL, 247),
	(957, b'0', '以上答案都不正确', NULL, 247),
	(958, b'0', '结构化语言外层中的顺序结构是一组祈使语句、选择语句、重复语句的顺序排列', NULL, 248),
	(959, b'0', '结构化语言外层中的选择结构使用IF-THEN--ELSE-ENDIF 等关键字', NULL, 248),
	(960, b'0', '结构化语言的内层可以采用祈使语句的自然语言短语', NULL, 248),
	(961, b'1', '结构化语言外层中的重复结构使用CASE-OF-ENDCASE 等关键字', NULL, 248),
	(962, b'0', '数据流图', NULL, 249),
	(963, b'1', '数据字典', NULL, 249),
	(964, b'0', '判定表', NULL, 249),
	(965, b'0', '判定树', NULL, 249);
/*!40000 ALTER TABLE `choice` ENABLE KEYS */;

-- Dumping structure for table ssm_zaixianexam.choose_log
DROP TABLE IF EXISTS `choose_log`;
CREATE TABLE IF NOT EXISTS `choose_log` (
  `id` bigint(20) NOT NULL AUTO_INCREMENT,
  `correct` bit(1) DEFAULT NULL,
  `display` bit(1) DEFAULT NULL,
  `sys_modify_log_id` char(32) DEFAULT NULL,
  `exam_id` bigint(20) DEFAULT NULL,
  `question_id` bigint(20) DEFAULT NULL,
  `sys_user_id` bigint(20) DEFAULT NULL,
  PRIMARY KEY (`id`) USING BTREE,
  KEY `FKbe3wr5xs2u1tlm340f8faq7u4` (`sys_modify_log_id`) USING BTREE,
  KEY `FKd9jkdpbxb4yrg6dyyeryq6qkn` (`exam_id`) USING BTREE,
  KEY `FKrwjgh2rt4n3o0l78kpmbr9sea` (`question_id`) USING BTREE,
  KEY `FKko69awy3aglnjb63lqa6gdpgx` (`sys_user_id`) USING BTREE,
  CONSTRAINT `FKbe3wr5xs2u1tlm340f8faq7u4` FOREIGN KEY (`sys_modify_log_id`) REFERENCES `sys_modify_log` (`id`),
  CONSTRAINT `FKd9jkdpbxb4yrg6dyyeryq6qkn` FOREIGN KEY (`exam_id`) REFERENCES `exam` (`id`),
  CONSTRAINT `FKko69awy3aglnjb63lqa6gdpgx` FOREIGN KEY (`sys_user_id`) REFERENCES `sys_user` (`id`),
  CONSTRAINT `FKrwjgh2rt4n3o0l78kpmbr9sea` FOREIGN KEY (`question_id`) REFERENCES `question` (`id`)
) ENGINE=InnoDB AUTO_INCREMENT=320 DEFAULT CHARSET=utf8 ROW_FORMAT=DYNAMIC;

-- Dumping data for table ssm_zaixianexam.choose_log: ~57 rows (approximately)
/*!40000 ALTER TABLE `choose_log` DISABLE KEYS */;
INSERT INTO `choose_log` (`id`, `correct`, `display`, `sys_modify_log_id`, `exam_id`, `question_id`, `sys_user_id`) VALUES
	(263, b'0', b'0', '297ed65d6375b6420163767e789f0051', 2, 107, 1),
	(264, b'0', b'1', '297ed65d6375b6420163767e78ae0052', 2, 105, 1),
	(265, b'0', b'1', '297ed65d6375b6420163767e78c30053', 2, 103, 1),
	(266, b'0', b'1', '297ed65d6375b6420163767e78db0054', 2, 101, 1),
	(267, b'0', b'1', '297ed65d6375b6420163767e78ef0055', 2, 108, 1),
	(268, b'0', b'1', '297ed65d6375b6420163767e78ff0056', 2, 106, 1),
	(269, b'0', b'1', '297ed65d6375b6420163767e79110057', 2, 104, 1),
	(270, b'0', b'1', '297ed65d6375b6420163767e791f0058', 2, 102, 1),
	(271, b'0', b'1', '297ed65d6375b6420163767e792a0059', 2, 100, 1),
	(272, b'0', b'1', '297ed65d6375b6420163767e7939005a', 2, 109, 1),
	(273, b'0', b'1', '297ed65d6375b6420163767e794d005b', 2, 118, 1),
	(274, b'0', b'1', '297ed65d6375b6420163767e795d005c', 2, 116, 1),
	(275, b'0', b'1', '297ed65d6375b6420163767e796a005d', 2, 117, 1),
	(276, b'0', b'1', '297ed65d6375b6420163767e797a005e', 2, 114, 1),
	(277, b'0', b'1', '297ed65d6375b6420163767e7991005f', 2, 112, 1),
	(278, b'0', b'1', '297ed65d6375b6420163767e79a70060', 2, 110, 1),
	(279, b'0', b'1', '297ed65d6375b6420163767e79b90061', 2, 115, 1),
	(280, b'0', b'1', '297ed65d6375b6420163767e79c70062', 2, 113, 1),
	(281, b'0', b'1', '297ed65d6375b6420163767e7a040063', 2, 111, 1),
	(282, b'0', b'1', '2c9c50816d22d30e016d22dc0f180003', 2, 104, 1),
	(283, b'0', b'1', '2c9c50816d22d30e016d22dc10a00004', 2, 102, 1),
	(284, b'0', b'1', '2c9c50816d22d30e016d22dc12030005', 2, 100, 1),
	(285, b'0', b'1', '2c9c50816d22d30e016d22dc13620006', 2, 109, 1),
	(286, b'0', b'1', '2c9c50816d22d30e016d22dc14c30007', 2, 107, 1),
	(287, b'0', b'1', '2c9c50816d22d30e016d22dc16230008', 2, 105, 1),
	(288, b'1', b'0', '2c9c50816d22d30e016d22dc17870009', 2, 103, 1),
	(289, b'0', b'1', '2c9c50816d22d30e016d22dc18f1000a', 2, 101, 1),
	(290, b'0', b'1', '2c9c50816d22d30e016d22dc1a56000b', 2, 108, 1),
	(291, b'1', b'0', '2c9c50816d22d30e016d22dc1bb3000c', 2, 106, 1),
	(292, b'0', b'1', '2c9c50816d22d30e016d22dc1d2b000d', 2, 117, 1),
	(293, b'0', b'1', '2c9c50816d22d30e016d22dc1e8c000e', 2, 118, 1),
	(294, b'0', b'1', '2c9c50816d22d30e016d22dc1ffd000f', 2, 116, 1),
	(295, b'0', b'1', '2c9c50816d22d30e016d22dc21640010', 2, 115, 1),
	(296, b'0', b'1', '2c9c50816d22d30e016d22dc22c40011', 2, 113, 1),
	(297, b'0', b'1', '2c9c50816d22d30e016d22dc243a0012', 2, 111, 1),
	(298, b'0', b'1', '2c9c50816d22d30e016d22dc259b0013', 2, 114, 1),
	(299, b'0', b'1', '2c9c50816d22d30e016d22dc26fd0014', 2, 112, 1),
	(300, b'0', b'1', '2c9c50816d22d30e016d22dc28590015', 2, 110, 1),
	(301, b'0', b'1', '2c9c50816d231b59016d23266b6d0000', 4, 233, 2),
	(302, b'0', b'1', '2c9c50816d231b59016d23266d460001', 4, 248, 2),
	(303, b'1', b'0', '2c9c50816d231b59016d23266f110002', 4, 231, 2),
	(304, b'0', b'1', '2c9c50816d231b59016d232670e60003', 4, 246, 2),
	(305, b'1', b'0', '2c9c50816d231b59016d232672c10004', 4, 244, 2),
	(306, b'1', b'0', '2c9c50816d231b59016d232674910005', 4, 242, 2),
	(307, b'0', b'1', '2c9c50816d231b59016d232676650006', 4, 240, 2),
	(308, b'1', b'0', '2c9c50816d231b59016d232678370007', 4, 238, 2),
	(309, b'0', b'1', '2c9c50816d231b59016d23267a0e0008', 4, 236, 2),
	(310, b'0', b'1', '2c9c50816d231b59016d23267be10009', 4, 234, 2),
	(311, b'0', b'1', '2c9c50816d231b59016d23267dbd000a', 4, 249, 2),
	(312, b'0', b'1', '2c9c50816d231b59016d23267f8f000b', 4, 232, 2),
	(313, b'0', b'1', '2c9c50816d231b59016d23268161000c', 4, 247, 2),
	(314, b'0', b'1', '2c9c50816d231b59016d23268330000d', 4, 245, 2),
	(315, b'1', b'0', '2c9c50816d231b59016d23268528000e', 4, 243, 2),
	(316, b'0', b'1', '2c9c50816d231b59016d232686fb000f', 4, 241, 2),
	(317, b'0', b'1', '2c9c50816d231b59016d232688ce0010', 4, 239, 2),
	(318, b'1', b'0', '2c9c50816d231b59016d23268aa10011', 4, 237, 2),
	(319, b'0', b'1', '2c9c50816d231b59016d23268c7f0012', 4, 235, 2);
/*!40000 ALTER TABLE `choose_log` ENABLE KEYS */;

-- Dumping structure for table ssm_zaixianexam.choose_log_choice
DROP TABLE IF EXISTS `choose_log_choice`;
CREATE TABLE IF NOT EXISTS `choose_log_choice` (
  `choose_log_id` bigint(20) NOT NULL,
  `choice_id` bigint(20) NOT NULL,
  KEY `FK3jq1w97cl4h1aypyf3foe550j` (`choice_id`) USING BTREE,
  KEY `FKa6kso8x0i6pue0am6fx2xu4n` (`choose_log_id`) USING BTREE,
  CONSTRAINT `FK3jq1w97cl4h1aypyf3foe550j` FOREIGN KEY (`choice_id`) REFERENCES `choice` (`id`),
  CONSTRAINT `FKa6kso8x0i6pue0am6fx2xu4n` FOREIGN KEY (`choose_log_id`) REFERENCES `choose_log` (`id`)
) ENGINE=InnoDB DEFAULT CHARSET=utf8 ROW_FORMAT=DYNAMIC;

-- Dumping data for table ssm_zaixianexam.choose_log_choice: ~41 rows (approximately)
/*!40000 ALTER TABLE `choose_log_choice` DISABLE KEYS */;
INSERT INTO `choose_log_choice` (`choose_log_id`, `choice_id`) VALUES
	(279, 441),
	(281, 423),
	(281, 425),
	(282, 403),
	(283, 399),
	(284, 396),
	(285, 414),
	(286, 409),
	(287, 405),
	(288, 402),
	(289, 398),
	(290, 412),
	(291, 408),
	(292, 451),
	(293, 455),
	(294, 447),
	(295, 441),
	(296, 433),
	(297, 421),
	(298, 437),
	(299, 427),
	(300, 416),
	(301, 899),
	(302, 959),
	(303, 891),
	(304, 950),
	(305, 943),
	(306, 936),
	(307, 927),
	(308, 919),
	(309, 911),
	(310, 905),
	(311, 962),
	(312, 896),
	(313, 954),
	(314, 949),
	(315, 938),
	(316, 932),
	(317, 923),
	(318, 915),
	(319, 907);
/*!40000 ALTER TABLE `choose_log_choice` ENABLE KEYS */;

-- Dumping structure for table ssm_zaixianexam.exam
DROP TABLE IF EXISTS `exam`;
CREATE TABLE IF NOT EXISTS `exam` (
  `id` bigint(20) NOT NULL AUTO_INCREMENT,
  `description` varchar(255) DEFAULT NULL,
  `name` varchar(255) DEFAULT NULL,
  `time` int(11) DEFAULT NULL,
  `sys_modify_log_id` char(32) DEFAULT NULL,
  `exampaper_id` bigint(20) DEFAULT NULL,
  PRIMARY KEY (`id`) USING BTREE,
  KEY `FKs3w89u0r6161aug3e3pl8me5a` (`sys_modify_log_id`) USING BTREE,
  KEY `FKgu1g55r10ta31rggduoc93wk7` (`exampaper_id`) USING BTREE,
  CONSTRAINT `FKgu1g55r10ta31rggduoc93wk7` FOREIGN KEY (`exampaper_id`) REFERENCES `exampaper` (`id`),
  CONSTRAINT `FKs3w89u0r6161aug3e3pl8me5a` FOREIGN KEY (`sys_modify_log_id`) REFERENCES `sys_modify_log` (`id`)
) ENGINE=InnoDB AUTO_INCREMENT=7 DEFAULT CHARSET=utf8 ROW_FORMAT=DYNAMIC;

-- Dumping data for table ssm_zaixianexam.exam: ~3 rows (approximately)
/*!40000 ALTER TABLE `exam` DISABLE KEYS */;
INSERT INTO `exam` (`id`, `description`, `name`, `time`, `sys_modify_log_id`, `exampaper_id`) VALUES
	(2, '软件评测师考试属于全国计算机技术与软件专业技术资格考试（简称计算机软件资格考试）中的一个中级考试。考试不设学历与资历条件，也不论年龄和专业，考生可根据自己的技术水平选择合适的级别合适的资格，但一次考试只能报考一种资格。考试采用笔试形式，考试实行全国统一大纲、统一试题、统一时间、统一标准、统一证书的考试办法。笔试安排在一天之内。', '2017年软件测试工程师考试', 90, '297ed65d633f5c7301633fe1124e0064', 2),
	(3, '计算机技术与软件专业技术资格（水平）考试是原中国计算机软件专业技术资格和水平考试的完善与发展。这是由国家人力资源和社会保障部（原人事部）、工业和信息化部（原信息产业部）领导的国家级考试，其目的是，科学、公正地对全国计算机与软件专业技术人员进行职业资格、专业技术资格认定和专业技术水平测试。', '2016软件工程考试', 60, '297ed65d6375b642016375ebe70b0006', 4),
	(4, '2015年软件工程师考试，难度适中', '2015年软件工程师考试', 70, '297ed65d6375b64201637606c9ae0038', 8);
/*!40000 ALTER TABLE `exam` ENABLE KEYS */;

-- Dumping structure for table ssm_zaixianexam.exampaper
DROP TABLE IF EXISTS `exampaper`;
CREATE TABLE IF NOT EXISTS `exampaper` (
  `id` bigint(20) NOT NULL AUTO_INCREMENT,
  `description` varchar(255) DEFAULT NULL,
  `name` varchar(255) DEFAULT NULL,
  `sys_modify_log_id` char(32) DEFAULT NULL,
  PRIMARY KEY (`id`) USING BTREE,
  KEY `FKng1xo9twgmle84dnro9ge6aha` (`sys_modify_log_id`) USING BTREE,
  CONSTRAINT `FKng1xo9twgmle84dnro9ge6aha` FOREIGN KEY (`sys_modify_log_id`) REFERENCES `sys_modify_log` (`id`)
) ENGINE=InnoDB AUTO_INCREMENT=9 DEFAULT CHARSET=utf8 ROW_FORMAT=DYNAMIC;

-- Dumping data for table ssm_zaixianexam.exampaper: ~5 rows (approximately)
/*!40000 ALTER TABLE `exampaper` DISABLE KEYS */;
INSERT INTO `exampaper` (`id`, `description`, `name`, `sys_modify_log_id`) VALUES
	(2, '软件评测师考试属于全国计算机技术与软件专业技术资格考试（简称计算机软件资格考试）中的一个中级考试。考试不设学历与资历条件，也不论年龄和专业，考生可根据自己的技术水平选择合适的级别合适的资格，但一次考试只能报考一种资格。考试采用笔试形式，考试实行全国统一大纲、统一试题、统一时间、统一标准、统一证书的考试办法。笔试安排在一天之内。', '2017年软件测试工程师考试', '297ed65d633f5c7301633fe0ba6c0063'),
	(4, '计算机技术与软件专业技术资格（水平）考试是原中国计算机软件专业技术资格和水平考试的完善与发展。这是由国家人力资源和社会保障部（原人事部）、工业和信息化部（原信息产业部）领导的国家级考试，其目的是，科学、公正地对全国计算机与软件专业技术人员进行职业资格、专业技术资格认定和专业技术水平测试。', '2016软考', '297ed65d6375b642016375eb64b70005'),
	(5, '2015年软件工程师考试,难度适中', '2015年软件工程师考试', '297ed65d6375b642016376067b6f0037'),
	(6, '2018年软件工程考试热身题，难度较为简单', '2018年软件工程考试热身题', '297ed65d6375b6420163760806f50039'),
	(8, '', '测试试卷', '2c9c50816d22d30e016d22e3d8460017');
/*!40000 ALTER TABLE `exampaper` ENABLE KEYS */;

-- Dumping structure for table ssm_zaixianexam.exampaper_question
DROP TABLE IF EXISTS `exampaper_question`;
CREATE TABLE IF NOT EXISTS `exampaper_question` (
  `exampaper_id` bigint(20) NOT NULL,
  `question_id` bigint(20) NOT NULL,
  KEY `FKk4b38m2m0ujfi5jlghbongivo` (`question_id`) USING BTREE,
  KEY `FKk4wvkjt26iwlvlm2iswf7ojt5` (`exampaper_id`) USING BTREE,
  CONSTRAINT `FKk4b38m2m0ujfi5jlghbongivo` FOREIGN KEY (`question_id`) REFERENCES `question` (`id`),
  CONSTRAINT `FKk4wvkjt26iwlvlm2iswf7ojt5` FOREIGN KEY (`exampaper_id`) REFERENCES `exampaper` (`id`)
) ENGINE=InnoDB DEFAULT CHARSET=utf8 ROW_FORMAT=DYNAMIC;

-- Dumping data for table ssm_zaixianexam.exampaper_question: ~115 rows (approximately)
/*!40000 ALTER TABLE `exampaper_question` DISABLE KEYS */;
INSERT INTO `exampaper_question` (`exampaper_id`, `question_id`) VALUES
	(2, 100),
	(2, 101),
	(2, 102),
	(2, 103),
	(2, 104),
	(2, 105),
	(2, 106),
	(2, 107),
	(2, 108),
	(2, 109),
	(2, 110),
	(2, 111),
	(2, 112),
	(2, 113),
	(2, 114),
	(2, 115),
	(2, 116),
	(2, 117),
	(2, 118),
	(4, 136),
	(4, 137),
	(4, 138),
	(4, 139),
	(4, 140),
	(4, 141),
	(4, 142),
	(4, 143),
	(4, 144),
	(4, 145),
	(4, 146),
	(4, 147),
	(4, 148),
	(4, 149),
	(4, 150),
	(4, 151),
	(4, 152),
	(4, 153),
	(4, 154),
	(4, 155),
	(4, 156),
	(4, 157),
	(4, 158),
	(4, 159),
	(4, 160),
	(4, 161),
	(4, 162),
	(4, 163),
	(4, 164),
	(4, 165),
	(4, 166),
	(4, 167),
	(4, 168),
	(4, 169),
	(4, 170),
	(4, 171),
	(4, 172),
	(4, 173),
	(4, 174),
	(4, 175),
	(4, 176),
	(5, 177),
	(5, 178),
	(5, 179),
	(5, 180),
	(5, 181),
	(5, 182),
	(5, 183),
	(5, 184),
	(5, 185),
	(5, 186),
	(5, 187),
	(5, 188),
	(5, 189),
	(5, 190),
	(5, 191),
	(5, 192),
	(5, 193),
	(6, 194),
	(6, 195),
	(6, 196),
	(6, 197),
	(6, 198),
	(6, 199),
	(6, 200),
	(6, 201),
	(6, 202),
	(6, 203),
	(6, 204),
	(6, 205),
	(6, 206),
	(6, 207),
	(6, 208),
	(6, 209),
	(6, 210),
	(6, 211),
	(6, 212),
	(8, 231),
	(8, 232),
	(8, 233),
	(8, 234),
	(8, 235),
	(8, 236),
	(8, 237),
	(8, 238),
	(8, 239),
	(8, 240),
	(8, 241),
	(8, 242),
	(8, 243),
	(8, 244),
	(8, 245),
	(8, 246),
	(8, 247),
	(8, 248),
	(8, 249);
/*!40000 ALTER TABLE `exampaper_question` ENABLE KEYS */;

-- Dumping structure for table ssm_zaixianexam.exam_result
DROP TABLE IF EXISTS `exam_result`;
CREATE TABLE IF NOT EXISTS `exam_result` (
  `id` bigint(20) NOT NULL AUTO_INCREMENT,
  `all_count` int(11) DEFAULT NULL,
  `grade` int(11) DEFAULT NULL,
  `wrong_count` int(11) DEFAULT NULL,
  `sys_modify_log_id` char(32) DEFAULT NULL,
  `exam_id` bigint(20) DEFAULT NULL,
  `sys_user_id` bigint(20) DEFAULT NULL,
  PRIMARY KEY (`id`) USING BTREE,
  KEY `FKghw4hm4y8vnuyr3ntglja896h` (`sys_modify_log_id`) USING BTREE,
  KEY `FKmblvyjlk9x7rrm7mvqtbedycc` (`exam_id`) USING BTREE,
  KEY `FKsfc96jri4p4ukkdaitjt5rk13` (`sys_user_id`) USING BTREE,
  CONSTRAINT `FKghw4hm4y8vnuyr3ntglja896h` FOREIGN KEY (`sys_modify_log_id`) REFERENCES `sys_modify_log` (`id`),
  CONSTRAINT `FKmblvyjlk9x7rrm7mvqtbedycc` FOREIGN KEY (`exam_id`) REFERENCES `exam` (`id`),
  CONSTRAINT `FKsfc96jri4p4ukkdaitjt5rk13` FOREIGN KEY (`sys_user_id`) REFERENCES `sys_user` (`id`)
) ENGINE=InnoDB AUTO_INCREMENT=13 DEFAULT CHARSET=utf8 ROW_FORMAT=DYNAMIC;

-- Dumping data for table ssm_zaixianexam.exam_result: ~3 rows (approximately)
/*!40000 ALTER TABLE `exam_result` DISABLE KEYS */;
INSERT INTO `exam_result` (`id`, `all_count`, `grade`, `wrong_count`, `sys_modify_log_id`, `exam_id`, `sys_user_id`) VALUES
	(10, 19, 50, 19, '297ed65d6375b6420163767e7a0e0064', 2, 3),
	(11, 19, 10, 17, '2c9c50816d22d30e016d22dc28c90016', 2, 1),
	(12, 19, 31, 13, '2c9c50816d231b59016d23268d0d0013', 4, 2);
/*!40000 ALTER TABLE `exam_result` ENABLE KEYS */;

-- Dumping structure for table ssm_zaixianexam.question
DROP TABLE IF EXISTS `question`;
CREATE TABLE IF NOT EXISTS `question` (
  `id` bigint(20) NOT NULL AUTO_INCREMENT,
  `content` varchar(255) DEFAULT NULL,
  `type` varchar(255) DEFAULT NULL,
  `sys_modify_log_id` char(32) DEFAULT NULL,
  PRIMARY KEY (`id`) USING BTREE,
  KEY `FKay4vfw8w9sg4dqr9gd48nv7ey` (`sys_modify_log_id`) USING BTREE,
  CONSTRAINT `FKay4vfw8w9sg4dqr9gd48nv7ey` FOREIGN KEY (`sys_modify_log_id`) REFERENCES `sys_modify_log` (`id`)
) ENGINE=InnoDB AUTO_INCREMENT=250 DEFAULT CHARSET=utf8 ROW_FORMAT=DYNAMIC;

-- Dumping data for table ssm_zaixianexam.question: ~249 rows (approximately)
/*!40000 ALTER TABLE `question` DISABLE KEYS */;
INSERT INTO `question` (`id`, `content`, `type`, `sys_modify_log_id`) VALUES
	(1, '软件生命周期一般包括：软件开发期和软件运行期，下述（  ）不是软件开发期所应包含的内容。', '单选', NULL),
	(2, '软件是一种逻辑产品，它的开发主要是（）', '单选', NULL),
	(3, '以文档作为驱动，适合于软件需求很明确的软件项目的生存周期模型是（）', '单选', NULL),
	(4, '在软件生存周期中， （  ）阶段必须要回答的问题是“要解决的问题是做什么？” 。', '单选', NULL),
	(5, '软件产品与物质产品有很大区别，软件产品是一种（ ）产品', '单选', NULL),
	(6, '（）把瀑布模型和专家系统结合在一起，在开发的各个阶段上都利用相应的专家系统来帮助软件人员完成开发工作。', '单选', NULL),
	(7, '（）阶段是为每个模块完成的功能进行具体的描述，要把功能描述转变为精确的、结构化的过程描述。', '单选', NULL),
	(8, '下列软件开发模型中，适合于那些不能预先确切定义需求的软件系统的开发的模型是（ ）。', '单选', NULL),
	(9, '下列软件开发模型中，以面向对象的软件开发方法为基础，以用户的需求为动力，以对象来驱动的模型是（）。', '单选', NULL),
	(10, '下列软件开发模型中，支持需求不明确，特别是大型软件系统的开发，并支持多种软件开发方法的模型是（）。', '单选', NULL),
	(11, '软件特性中，使软件在不同的系统约束条件下，使用户需求得到满足的难易程度称为（）。', '单选', NULL),
	(12, '软件特性中，一个软件能再次用于其他相关应用的程度称为（）。', '单选', NULL),
	(13, '软件特性中，（）是指系统具有清晰的结构，能直接反映问题的需求的程度。', '单选', NULL),
	(14, '软件特性中，软件产品交付使用后，在实现改正潜伏的错误、改进性能、适应环境变化等方面工作的难易程度称为（）。', '单选', NULL),
	(15, '软件特性中，软件从一个计算机系统或环境移植到另一个上去的难易程度指的是（） .', '单选', NULL),
	(16, '软件特性中，在给定的时间间隔内，程序成功运行的概率指的是（）。', '单选', NULL),
	(17, '软件特性中，允许对软件进行修改而不增加其复杂性指的是（）。', '单选', NULL),
	(18, '软件特性中，多个软件元素相互通讯并协同完成任务的能力指的是（）。', '单选', NULL),
	(19, '软件特性中，根据软件需求对软件设计、程序进行正向追踪，或根据程序、软件设计对软件需求进行逆向追踪的能力指的是（）。', '单选', NULL),
	(20, '软件的可修改性支持软件的（）。', '单选', NULL),
	(21, '软件的可移植性支持软件的（）。', '单选', NULL),
	(22, '软件的可理解性支持软件的（）。', '单选', NULL),
	(23, '在软件工程的原则中，抽象、信息隐藏、模块化和局部化的原则支持软件的（）。', '单选', NULL),
	(24, '下列选项中，属于需求分析阶段的任务的是（）。', '单选', NULL),
	(25, '下列选项中，属于概要设计阶段的任务的是（）。', '单选', NULL),
	(26, '下列选项中，属于详细设计阶段的任务的是（）。', '单选', NULL),
	(27, '下列选项中，属于实现阶段的任务的是（）。', '单选', NULL),
	(28, '下列选项中，在验收测试结束时，必须提交给用户的是（）。', '单选', NULL),
	(29, '需求分析最终结果是产生（ ）', '单选', NULL),
	(30, '需求分析中，开发人员要从用户那里解决的最重要的问题是（ ）', '单选', NULL),
	(31, 'FD 中的每个加工至少有（ ）', '单选', NULL),
	(32, '数据字典总，一般不出现的条目是（ ）', '单选', NULL),
	(33, '分层数据流图是一种比较严格又易于理解的描述方式，它的顶层图描述了系统的（ ）', '单选', NULL),
	(34, '需求规格说明书的内容不应包括对（ ）的描述。', '单选', NULL),
	(35, '需求规格说明书的作用不应包括（ ）', '单选', NULL),
	(36, 'SA 方法用DFD 描述（ ）', '单选', NULL),
	(37, '一个局部数据存储当它作为（ ）时，就把他画出来。', '单选', NULL),
	(38, '对于分层的DFD，父图与子图的平衡指子图的输入、输出数据流同父图相应加工的输入、输出数据流（ ）', '单选', NULL),
	(39, '需求分析阶段不适用于描述加工逻辑的工具是（ ）', '单选', NULL),
	(40, 'SA 方法的分析步骤是首先调查了解当前系统的工作流程，然后（ ）', '单选', NULL),
	(41, 'SA 方法的基本思想是（ ）', '单选', NULL),
	(42, '初步用户手册在（ ）阶段编写', '单选', NULL),
	(43, '下面关于面向对象方法中消息的叙述，不正确的是______ 。', '单选', NULL),
	(44, '可行性研究要进行一次_____ 需求分析。', '单选', NULL),
	(45, '系统流程图用于可行性分析中的_____ 的描述。', '单选', NULL),
	(46, '系统流程图是描述_____ 的工具。', '单选', NULL),
	(47, '_______ 工具在软件详细设计过程中不采用。', '单选', NULL),
	(48, '程序的三种基本控制结构是', '单选', NULL),
	(49, '程序的三种基本控制结构的共同特点是', '单选', NULL),
	(50, '软件开发过程中，抽取和整理用户需求并建立问题域精确模型的过程叫', '单选', NULL),
	(51, '原型化方法是用户和设计者之间执行的一种交互构成，适用于______ 系统。', '单选', NULL),
	(52, '原型化方法是一种_______ 型的设计过程。', '单选', NULL),
	(53, '进行需求分析可使用多种工具，但( ) 是不适用的。', '单选', NULL),
	(54, '需求分析阶段研究的对象是软件项目的( )。', '单选', NULL),
	(55, '数据字典的任务是对于数据流图中出现的所有被命名的数据元素，在数据字典中作为一个词条加以定义，使得每一个图形元素的名字都有一个确切的( ) 。', '单选', NULL),
	(56, '在数据流图中，有名字及方向的成分是( )。', '单选', NULL),
	(57, '在结构化分析方法中，用以表达系统内数据的运动情况的工具有( )', '单选', NULL),
	(58, '在结构化分析方法中，用以表达系统内数据的运动情况的工具有( )', '单选', NULL),
	(59, '结构化分析方法(SA) 是一种面向( ) 的需求分析方法。', '单选', NULL),
	(60, '描述结构化系统分析方法的工具不包括( )', '单选', NULL),
	(61, '软件需求分析阶段的工作，可以分成以下四个方面：对问题的识别、分析与综合、制定规格说明以及( )。', '单选', NULL),
	(62, '以下说法错误的是( )。', '单选', NULL),
	(63, '结构化分析方法使用的描述工具( )定义了数据流图中每一个图形元素。', '单选', NULL),
	(64, '下列说法正确的是( )。', '单选', NULL),
	(65, '需求规格说明书的作用不应包括( )。', '单选', NULL),
	(66, '软件需求规格说明书的内容不应包括对( )的描述。', '单选', NULL),
	(67, '在结构化分析方法(SA) 中，与数据流图配合使用的是( )。', '单选', NULL),
	(68, '通过( )可以完成数据流图的细化。', '单选', NULL),
	(69, '分层DFD 是一种比较严格又易于理解的描述方式，它的顶层图描述了系统的( )。', '单选', NULL),
	(70, '数据存储和数据流都是( ) 仅仅所处的状态不同。', '单选', NULL),
	(71, '数据字典中，一般不包括下列选项中的( ) 条目。', '单选', NULL),
	(72, '在软件需求分析中，开发人员要从用户那里解决的最重要的问题是( )。', '单选', NULL),
	(73, '需求分析最终结果是产生( ) 。', '单选', NULL),
	(74, 'SA 方法用DFD 描述( )。', '单选', NULL),
	(75, 'SA 方法的分析步骤是首先调查了解当前系统的工作流程，然后( ) 。', '单选', NULL),
	(76, '需求分析阶段不适于描述加工逻辑的工具是( ) 。', '单选', NULL),
	(77, '结构化分析方法(SA) 最为常见的图形工具是( ) 。', '单选', NULL),
	(78, 'sA 方法的基本思想是( )。', '单选', NULL),
	(79, '下面错误的说法是( )。', '单选', NULL),
	(80, '下面错误的说法是( )。', '单选', NULL),
	(81, '常用的需求分析方法有面向数据流的结构化分析方法， ( )，面向对象的分析方法等。', '单选', NULL),
	(82, '结构化分析方法使用的描述工具( )描述系统由哪几部分组成，各部分之间有什么联系等等。', '单选', NULL),
	(83, '结构化分析方法(sA) 是一种面向( )需求分析方法。', '单选', NULL),
	(84, '需求分析中，对算法的简单描述记录在( ) 中。', '单选', NULL),
	(85, '数据流图和( )共同构成系统的逻辑模型。', '单选', NULL),
	(86, '在下面的叙述中， ( )不是软件需求分析的任务。', '单选', NULL),
	(87, '需求分析是( ) 。', '单选', NULL),
	(88, '结构化分析方法是一种预先严格定义需求的方法，它在实施时强调的是分析对象的( )。', '单选', NULL),
	(89, '软件开发常使用的两种基本方法是结构化和原型化方法，在实际应用中，它们之间的关系常表现为( )。', '单选', NULL),
	(90, '结构化生命周期方法具有各种特征，下列各种叙述中， ( )不是结构化方法的特征。', '单选', NULL),
	(91, 'SA 方法是一种( )。', '单选', NULL),
	(92, '结构化程序流程图中一般包括三种基本结构，下述结构中( ) 不属于其基本结构。', '单选', NULL),
	(93, '结构化分析方法以数据流图、()和加工说明等描述工具，即用直观的图和简洁语言来描述软件系统模型。', '单选', NULL),
	(94, '结构化分析(SA) 是软件开发需求分析阶段所使用的方法， ( )不是SA 所使用的工具。', '单选', NULL),
	(95, 'Jackson 设计方法是由英国的M ． Jackson 所提出的。它是一种面向( )的软件设计方法。', '单选', NULL),
	(96, '软件设计中，Jackson方法是一种面向数据结构的设计方法，它将数据结构表示为三种基本结构，分别为( )。', '单选', NULL),
	(97, '软件工程方法是在实践中不断发展的方法，而早期的软件工程方法是指( ) 。', '单选', NULL),
	(98, '软件需求分析一般应确定的是用户对软件的( ) 。', '单选', NULL),
	(99, '数据字典是对数据定义信息的集合，它所定义的对象都包含于( ) 。', '单选', NULL),
	(100, '单元测试通常应该先进行“人工走查”，再以白盒法为主， 辅以黑盒法进行动态测试。', '判断', NULL),
	(101, '功能测试是系统测试的主要内容， 检查系统的功能、性能是否与需求规格说明相同。', '判断', NULL),
	(102, '测试只要做到语句覆盖和分支覆盖，就可以发现程序中的所有错误。', '判断', NULL),
	(103, '代码评审是检查源代码是否达到模块设计的要求。', '判断', NULL),
	(104, '测试人员在测试过程中发现一处问题，如果问题影响不大，而自己又可以修改，应立即将此问题正确修改，以加快、提高开发的进程。', '判断', NULL),
	(105, '负载测试是验证要检验的系统的能力最高能达到什么程度', '判断', NULL),
	(106, '集成测试计划在需求分析阶段末提交。', '判断', NULL),
	(107, '系统测试计划不需要同行审批。', '判断', NULL),
	(108, '测试中应该对有效和无效、期望和不期望的输入都要测试。', '判断', NULL),
	(109, '软件质量管理即QM 由QA和QC构成，软件测试属于QC的核心工作内容。', '判断', NULL),
	(110, '以测试的形态分测试可以分为：', '多选', NULL),
	(111, '选出属于黑盒测试方法的选项', '多选', NULL),
	(112, '典型的瀑布模型的四个阶段是：', '多选', NULL),
	(113, '下列关于alpha 测试的描述中正确的是：', '多选', NULL),
	(114, '软件验收测试的合格通过准则是：', '多选', NULL),
	(115, '编写测试计划的目的是：', '多选', NULL),
	(116, '单元测试对象是（ ）', '单选', NULL),
	(117, '下列说法正确的是（ ）', '单选', NULL),
	(118, '下列哪个不属于软件缺陷产生的原因（ ）', '单选', NULL),
	(119, '常用的需求分析方法有面向数据流的结构化分析方法， ( )，面向对象的分析方法等。', '单选', NULL),
	(120, '结构化分析方法使用的描述工具( )描述系统由哪几部分组成，各部分之间有什么联系等等。', '单选', NULL),
	(121, '结构化分析方法(sA) 是一种面向( )需求分析方法。', '单选', NULL),
	(122, '需求分析中，对算法的简单描述记录在( ) 中。', '单选', NULL),
	(123, '数据流图和( )共同构成系统的逻辑模型。', '单选', NULL),
	(124, '在下面的叙述中， ( )不是软件需求分析的任务。', '单选', NULL),
	(125, '需求分析是( ) 。', '单选', NULL),
	(126, '结构化分析方法是一种预先严格定义需求的方法，它在实施时强调的是分析对象的( )。', '单选', NULL),
	(127, '软件开发常使用的两种基本方法是结构化和原型化方法，在实际应用中，它们之间的关系常表现为( )。', '单选', NULL),
	(128, '结构化生命周期方法具有各种特征，下列各种叙述中， ( )不是结构化方法的特征。', '单选', NULL),
	(129, 'SA 方法是一种( )。', '单选', NULL),
	(130, '结构化程序流程图中一般包括三种基本结构，下述结构中( ) 不属于其基本结构。', '单选', NULL),
	(131, '功能测试是系统测试的主要内容， 检查系统的功能、性能是否与需求规格说明相同。', '判断', NULL),
	(132, '测试只要做到语句覆盖和分支覆盖，就可以发现程序中的所有错误。', '判断', NULL),
	(133, '代码评审是检查源代码是否达到模块设计的要求。', '判断', NULL),
	(134, '下列关于alpha 测试的描述中正确的是：', '多选', NULL),
	(135, '软件验收测试的合格通过准则是：', '多选', NULL),
	(136, '软件生命周期一般包括：软件开发期和软件运行期，下述（  ）不是软件开发期所应包含的内容。', '单选', NULL),
	(137, '软件是一种逻辑产品，它的开发主要是（）', '单选', NULL),
	(138, '以文档作为驱动，适合于软件需求很明确的软件项目的生存周期模型是（）', '单选', NULL),
	(139, '在软件生存周期中， （  ）阶段必须要回答的问题是“要解决的问题是做什么？” 。', '单选', NULL),
	(140, '软件产品与物质产品有很大区别，软件产品是一种（ ）产品', '单选', NULL),
	(141, '（）把瀑布模型和专家系统结合在一起，在开发的各个阶段上都利用相应的专家系统来帮助软件人员完成开发工作。', '单选', NULL),
	(142, '（）阶段是为每个模块完成的功能进行具体的描述，要把功能描述转变为精确的、结构化的过程描述。', '单选', NULL),
	(143, '下列软件开发模型中，适合于那些不能预先确切定义需求的软件系统的开发的模型是（ ）。', '单选', NULL),
	(144, '下列软件开发模型中，以面向对象的软件开发方法为基础，以用户的需求为动力，以对象来驱动的模型是（）。', '单选', NULL),
	(145, '下列软件开发模型中，支持需求不明确，特别是大型软件系统的开发，并支持多种软件开发方法的模型是（）。', '单选', NULL),
	(146, '软件特性中，使软件在不同的系统约束条件下，使用户需求得到满足的难易程度称为（）。', '单选', NULL),
	(147, '软件特性中，一个软件能再次用于其他相关应用的程度称为（）。', '单选', NULL),
	(148, '软件特性中，（）是指系统具有清晰的结构，能直接反映问题的需求的程度。', '单选', NULL),
	(149, '软件特性中，软件产品交付使用后，在实现改正潜伏的错误、改进性能、适应环境变化等方面工作的难易程度称为（）。', '单选', NULL),
	(150, '软件特性中，软件从一个计算机系统或环境移植到另一个上去的难易程度指的是（） .', '单选', NULL),
	(151, '软件特性中，在给定的时间间隔内，程序成功运行的概率指的是（）。', '单选', NULL),
	(152, '软件特性中，允许对软件进行修改而不增加其复杂性指的是（）。', '单选', NULL),
	(153, '软件特性中，多个软件元素相互通讯并协同完成任务的能力指的是（）。', '单选', NULL),
	(154, '软件特性中，根据软件需求对软件设计、程序进行正向追踪，或根据程序、软件设计对软件需求进行逆向追踪的能力指的是（）。', '单选', NULL),
	(155, '软件的可修改性支持软件的（）。', '单选', NULL),
	(156, '软件的可移植性支持软件的（）。', '单选', NULL),
	(157, '软件的可理解性支持软件的（）。', '单选', NULL),
	(158, '在软件工程的原则中，抽象、信息隐藏、模块化和局部化的原则支持软件的（）。', '单选', NULL),
	(159, '下列选项中，属于需求分析阶段的任务的是（）。', '单选', NULL),
	(160, '下列选项中，属于概要设计阶段的任务的是（）。', '单选', NULL),
	(161, '下列选项中，属于详细设计阶段的任务的是（）。', '单选', NULL),
	(162, '下列选项中，属于实现阶段的任务的是（）。', '单选', NULL),
	(163, '下列选项中，在验收测试结束时，必须提交给用户的是（）。', '单选', NULL),
	(164, '需求分析最终结果是产生（ ）', '单选', NULL),
	(165, '需求分析中，开发人员要从用户那里解决的最重要的问题是（ ）', '单选', NULL),
	(166, 'FD 中的每个加工至少有（ ）', '单选', NULL),
	(167, '数据字典总，一般不出现的条目是（ ）', '单选', NULL),
	(168, '分层数据流图是一种比较严格又易于理解的描述方式，它的顶层图描述了系统的（ ）', '单选', NULL),
	(169, '需求规格说明书的内容不应包括对（ ）的描述。', '单选', NULL),
	(170, '需求规格说明书的作用不应包括（ ）', '单选', NULL),
	(171, 'SA 方法用DFD 描述（ ）', '单选', NULL),
	(172, '一个局部数据存储当它作为（ ）时，就把他画出来。', '单选', NULL),
	(173, '对于分层的DFD，父图与子图的平衡指子图的输入、输出数据流同父图相应加工的输入、输出数据流（ ）', '单选', NULL),
	(174, '需求分析阶段不适用于描述加工逻辑的工具是（ ）', '单选', NULL),
	(175, 'SA 方法的分析步骤是首先调查了解当前系统的工作流程，然后（ ）', '单选', NULL),
	(176, 'SA 方法的基本思想是（ ）', '单选', NULL),
	(177, '结构化分析方法使用的描述工具( )描述系统由哪几部分组成，各部分之间有什么联系等等。', '单选', NULL),
	(178, '结构化分析方法(sA) 是一种面向( )需求分析方法。', '单选', NULL),
	(179, '需求分析中，对算法的简单描述记录在( ) 中。', '单选', NULL),
	(180, '数据流图和( )共同构成系统的逻辑模型。', '单选', NULL),
	(181, '在下面的叙述中， ( )不是软件需求分析的任务。', '单选', NULL),
	(182, '需求分析是( ) 。', '单选', NULL),
	(183, '结构化分析方法是一种预先严格定义需求的方法，它在实施时强调的是分析对象的( )。', '单选', NULL),
	(184, '软件开发常使用的两种基本方法是结构化和原型化方法，在实际应用中，它们之间的关系常表现为( )。', '单选', NULL),
	(185, '结构化生命周期方法具有各种特征，下列各种叙述中， ( )不是结构化方法的特征。', '单选', NULL),
	(186, 'SA 方法是一种( )。', '单选', NULL),
	(187, '结构化程序流程图中一般包括三种基本结构，下述结构中( ) 不属于其基本结构。', '单选', NULL),
	(188, '结构化分析方法以数据流图、()和加工说明等描述工具，即用直观的图和简洁语言来描述软件系统模型。', '单选', NULL),
	(189, '结构化分析(SA) 是软件开发需求分析阶段所使用的方法， ( )不是SA 所使用的工具。', '单选', NULL),
	(190, 'Jackson 设计方法是由英国的M ． Jackson 所提出的。它是一种面向( )的软件设计方法。', '单选', NULL),
	(191, '软件设计中，Jackson方法是一种面向数据结构的设计方法，它将数据结构表示为三种基本结构，分别为( )。', '单选', NULL),
	(192, '软件工程方法是在实践中不断发展的方法，而早期的软件工程方法是指( ) 。', '单选', NULL),
	(193, '软件需求分析一般应确定的是用户对软件的( ) 。', '单选', NULL),
	(194, '系统流程图用于可行性分析中的_____ 的描述。', '单选', NULL),
	(195, '系统流程图是描述_____ 的工具。', '单选', NULL),
	(196, '_______ 工具在软件详细设计过程中不采用。', '单选', NULL),
	(197, '程序的三种基本控制结构是', '单选', NULL),
	(198, '程序的三种基本控制结构的共同特点是', '单选', NULL),
	(199, '软件开发过程中，抽取和整理用户需求并建立问题域精确模型的过程叫', '单选', NULL),
	(200, '原型化方法是用户和设计者之间执行的一种交互构成，适用于______ 系统。', '单选', NULL),
	(201, '原型化方法是一种_______ 型的设计过程。', '单选', NULL),
	(202, '进行需求分析可使用多种工具，但( ) 是不适用的。', '单选', NULL),
	(203, '需求分析阶段研究的对象是软件项目的( )。', '单选', NULL),
	(204, '数据字典的任务是对于数据流图中出现的所有被命名的数据元素，在数据字典中作为一个词条加以定义，使得每一个图形元素的名字都有一个确切的( ) 。', '单选', NULL),
	(205, '在数据流图中，有名字及方向的成分是( )。', '单选', NULL),
	(206, '在结构化分析方法中，用以表达系统内数据的运动情况的工具有( )', '单选', NULL),
	(207, '在结构化分析方法中，用以表达系统内数据的运动情况的工具有( )', '单选', NULL),
	(208, '结构化分析方法(SA) 是一种面向( ) 的需求分析方法。', '单选', NULL),
	(209, '描述结构化系统分析方法的工具不包括( )', '单选', NULL),
	(210, '软件需求分析阶段的工作，可以分成以下四个方面：对问题的识别、分析与综合、制定规格说明以及( )。', '单选', NULL),
	(211, '以下说法错误的是( )。', '单选', NULL),
	(212, '结构化分析方法使用的描述工具( )定义了数据流图中每一个图形元素。', '单选', NULL),
	(213, '常用的需求分析方法有面向数据流的结构化分析方法， ( )，面向对象的分析方法等。', '单选', NULL),
	(214, '结构化分析方法使用的描述工具( )描述系统由哪几部分组成，各部分之间有什么联系等等。', '单选', NULL),
	(215, '结构化分析方法(sA) 是一种面向( )需求分析方法。', '单选', NULL),
	(216, '需求分析中，对算法的简单描述记录在( ) 中。', '单选', NULL),
	(217, '数据流图和( )共同构成系统的逻辑模型。', '单选', NULL),
	(218, '在下面的叙述中， ( )不是软件需求分析的任务。', '单选', NULL),
	(219, '需求分析是( ) 。', '单选', NULL),
	(220, '结构化分析方法是一种预先严格定义需求的方法，它在实施时强调的是分析对象的( )。', '单选', NULL),
	(221, '软件开发常使用的两种基本方法是结构化和原型化方法，在实际应用中，它们之间的关系常表现为( )。', '单选', NULL),
	(222, '结构化生命周期方法具有各种特征，下列各种叙述中， ( )不是结构化方法的特征。', '单选', NULL),
	(223, 'SA 方法是一种( )。', '单选', NULL),
	(224, '结构化程序流程图中一般包括三种基本结构，下述结构中( ) 不属于其基本结构。', '单选', NULL),
	(225, '功能测试是系统测试的主要内容， 检查系统的功能、性能是否与需求规格说明相同。', '判断', NULL),
	(226, '测试只要做到语句覆盖和分支覆盖，就可以发现程序中的所有错误。', '判断', NULL),
	(227, '代码评审是检查源代码是否达到模块设计的要求。', '判断', NULL),
	(228, '下列关于alpha 测试的描述中正确的是：', '多选', NULL),
	(229, '软件验收测试的合格通过准则是：', '多选', NULL),
	(230, '2018年5月19日08:56:25', '单选', NULL),
	(231, '系统流程图用于可行性分析中的_____ 的描述。', '单选', NULL),
	(232, '系统流程图是描述_____ 的工具。', '单选', NULL),
	(233, '_______ 工具在软件详细设计过程中不采用。', '单选', NULL),
	(234, '程序的三种基本控制结构是', '单选', NULL),
	(235, '程序的三种基本控制结构的共同特点是', '单选', NULL),
	(236, '软件开发过程中，抽取和整理用户需求并建立问题域精确模型的过程叫', '单选', NULL),
	(237, '原型化方法是用户和设计者之间执行的一种交互构成，适用于______ 系统。', '单选', NULL),
	(238, '原型化方法是一种_______ 型的设计过程。', '单选', NULL),
	(239, '进行需求分析可使用多种工具，但( ) 是不适用的。', '单选', NULL),
	(240, '需求分析阶段研究的对象是软件项目的( )。', '单选', NULL),
	(241, '数据字典的任务是对于数据流图中出现的所有被命名的数据元素，在数据字典中作为一个词条加以定义，使得每一个图形元素的名字都有一个确切的( ) 。', '单选', NULL),
	(242, '在数据流图中，有名字及方向的成分是( )。', '单选', NULL),
	(243, '在结构化分析方法中，用以表达系统内数据的运动情况的工具有( )', '单选', NULL),
	(244, '在结构化分析方法中，用以表达系统内数据的运动情况的工具有( )', '单选', NULL),
	(245, '结构化分析方法(SA) 是一种面向( ) 的需求分析方法。', '单选', NULL),
	(246, '描述结构化系统分析方法的工具不包括( )', '单选', NULL),
	(247, '软件需求分析阶段的工作，可以分成以下四个方面：对问题的识别、分析与综合、制定规格说明以及( )。', '单选', NULL),
	(248, '以下说法错误的是( )。', '单选', NULL),
	(249, '结构化分析方法使用的描述工具( )定义了数据流图中每一个图形元素。', '单选', NULL);
/*!40000 ALTER TABLE `question` ENABLE KEYS */;

-- Dumping structure for table ssm_zaixianexam.question_comment
DROP TABLE IF EXISTS `question_comment`;
CREATE TABLE IF NOT EXISTS `question_comment` (
  `id` bigint(20) NOT NULL AUTO_INCREMENT,
  `content` varchar(255) DEFAULT NULL,
  `good` int(11) DEFAULT NULL,
  `sys_modify_log_id` char(32) DEFAULT NULL,
  `sys_user_id` bigint(20) DEFAULT NULL,
  `question_id` bigint(20) DEFAULT NULL,
  PRIMARY KEY (`id`) USING BTREE,
  KEY `FKnbclmldxx1ekypdsx51yk5elj` (`sys_modify_log_id`) USING BTREE,
  KEY `FKpta4ftl7id85v2dh7dmgm92s1` (`sys_user_id`) USING BTREE,
  KEY `FKgatho66t7ix04m6dothg6jaqh` (`question_id`) USING BTREE,
  CONSTRAINT `FKgatho66t7ix04m6dothg6jaqh` FOREIGN KEY (`question_id`) REFERENCES `question` (`id`),
  CONSTRAINT `FKnbclmldxx1ekypdsx51yk5elj` FOREIGN KEY (`sys_modify_log_id`) REFERENCES `sys_modify_log` (`id`),
  CONSTRAINT `FKpta4ftl7id85v2dh7dmgm92s1` FOREIGN KEY (`sys_user_id`) REFERENCES `sys_user` (`id`)
) ENGINE=InnoDB AUTO_INCREMENT=7 DEFAULT CHARSET=utf8 ROW_FORMAT=DYNAMIC;

-- Dumping data for table ssm_zaixianexam.question_comment: ~6 rows (approximately)
/*!40000 ALTER TABLE `question_comment` DISABLE KEYS */;
INSERT INTO `question_comment` (`id`, `content`, `good`, `sys_modify_log_id`, `sys_user_id`, `question_id`) VALUES
	(1, 'α测试是由一个用户在开发环境下进行的测试，也可以是公司内部的用户在模拟实际操作环境下进行的测试。α测试的目的是评价软件产品的FLURPS(即功能、局域化、可用性、可靠性、性能和支持)。尤其注重产品的界面和特色。α测试可以从软件产品编码结束之时开始，或在模块(子系统)测试完成之后开始，也可以在确认测试过程中产品达到一定的稳定和可靠程度之后再开始。α测试即为非正式验收测试。', 0, '297ed65d63691757016369266dc8003c', 1, 113),
	(2, '我觉得这题很不错', 0, '297ed65d6375b642016375f0d9bb0031', 1, 173),
	(3, '确实可以，马克了', 0, '297ed65d6375b642016375f1fa870032', 1, 173),
	(4, 'fasdfds', 0, '297ed65d6375b6420163767eb90d0065', 1, 107),
	(5, '66666', 0, '2c9c50816d1fc458016d1fc937130000', 1, 107),
	(6, '这个比较难', 0, '2c9c50816d22d30e016d22db8a1a0002', 1, 105);
/*!40000 ALTER TABLE `question_comment` ENABLE KEYS */;

-- Dumping structure for table ssm_zaixianexam.resource
DROP TABLE IF EXISTS `resource`;
CREATE TABLE IF NOT EXISTS `resource` (
  `id` bigint(20) NOT NULL AUTO_INCREMENT,
  `description` varchar(255) DEFAULT NULL,
  `download_times` int(11) DEFAULT NULL,
  `file_name` varchar(255) DEFAULT NULL,
  `file_path` varchar(255) DEFAULT NULL,
  `file_size` bigint(20) DEFAULT NULL,
  `name` varchar(255) DEFAULT NULL,
  `price` int(11) DEFAULT NULL,
  `sys_modify_log_id` char(32) DEFAULT NULL,
  PRIMARY KEY (`id`) USING BTREE
) ENGINE=InnoDB AUTO_INCREMENT=5 DEFAULT CHARSET=utf8 ROW_FORMAT=DYNAMIC;

-- Dumping data for table ssm_zaixianexam.resource: ~2 rows (approximately)
/*!40000 ALTER TABLE `resource` DISABLE KEYS */;
/*!40000 ALTER TABLE `resource` ENABLE KEYS */;

-- Dumping structure for table ssm_zaixianexam.resource_comment
DROP TABLE IF EXISTS `resource_comment`;
CREATE TABLE IF NOT EXISTS `resource_comment` (
  `id` bigint(20) NOT NULL AUTO_INCREMENT,
  `content` varchar(255) DEFAULT NULL,
  `good` int(11) DEFAULT NULL,
  `sys_modify_log_id` char(32) DEFAULT NULL,
  `sys_user_id` bigint(20) DEFAULT NULL,
  `resource_id` bigint(20) DEFAULT NULL,
  PRIMARY KEY (`id`) USING BTREE,
  KEY `FKihw7oqex136l0tk6wgpf0d5m8` (`sys_modify_log_id`) USING BTREE,
  KEY `FKs1pikn2qx5ynr061cxwpq8tja` (`sys_user_id`) USING BTREE,
  CONSTRAINT `FK1vlpq2ayslqal3gfec9pims09` FOREIGN KEY (`resource_id`) REFERENCES `resource` (`id`),
  CONSTRAINT `FKihw7oqex136l0tk6wgpf0d5m8` FOREIGN KEY (`sys_modify_log_id`) REFERENCES `sys_modify_log` (`id`),
  CONSTRAINT `FKs1pikn2qx5ynr061cxwpq8tja` FOREIGN KEY (`sys_user_id`) REFERENCES `sys_user` (`id`)
) ENGINE=InnoDB AUTO_INCREMENT=8 DEFAULT CHARSET=utf8 ROW_FORMAT=DYNAMIC;

-- Dumping data for table ssm_zaixianexam.resource_comment: ~1 rows (approximately)
/*!40000 ALTER TABLE `resource_comment` DISABLE KEYS */;
/*!40000 ALTER TABLE `resource_comment` ENABLE KEYS */;

-- Dumping structure for table ssm_zaixianexam.sys_authority
DROP TABLE IF EXISTS `sys_authority`;
CREATE TABLE IF NOT EXISTS `sys_authority` (
  `id` tinyint(4) NOT NULL AUTO_INCREMENT,
  `authority` varchar(255) DEFAULT NULL,
  PRIMARY KEY (`id`) USING BTREE
) ENGINE=InnoDB AUTO_INCREMENT=3 DEFAULT CHARSET=utf8 ROW_FORMAT=DYNAMIC;

-- Dumping data for table ssm_zaixianexam.sys_authority: ~2 rows (approximately)
/*!40000 ALTER TABLE `sys_authority` DISABLE KEYS */;
INSERT INTO `sys_authority` (`id`, `authority`) VALUES
	(1, 'ROLE_USER'),
	(2, 'ROLE_ADMIN');
/*!40000 ALTER TABLE `sys_authority` ENABLE KEYS */;

-- Dumping structure for table ssm_zaixianexam.sys_modify_log
DROP TABLE IF EXISTS `sys_modify_log`;
CREATE TABLE IF NOT EXISTS `sys_modify_log` (
  `id` char(32) NOT NULL,
  `create_date` datetime DEFAULT NULL,
  `modified_date` datetime DEFAULT NULL,
  `creator_user_id` bigint(20) DEFAULT NULL,
  `modifier_user_id` bigint(20) DEFAULT NULL,
  PRIMARY KEY (`id`) USING BTREE,
  KEY `FKbg0pwtscsj4egh12km766fj82` (`creator_user_id`) USING BTREE,
  KEY `FK5b3q5jivjywq0heg9jruu8kpv` (`modifier_user_id`) USING BTREE,
  CONSTRAINT `FK5b3q5jivjywq0heg9jruu8kpv` FOREIGN KEY (`modifier_user_id`) REFERENCES `sys_user` (`id`),
  CONSTRAINT `FKbg0pwtscsj4egh12km766fj82` FOREIGN KEY (`creator_user_id`) REFERENCES `sys_user` (`id`)
) ENGINE=InnoDB DEFAULT CHARSET=utf8 ROW_FORMAT=DYNAMIC;

-- Dumping data for table ssm_zaixianexam.sys_modify_log: ~352 rows (approximately)
/*!40000 ALTER TABLE `sys_modify_log` DISABLE KEYS */;
INSERT INTO `sys_modify_log` (`id`, `create_date`, `modified_date`, `creator_user_id`, `modifier_user_id`) VALUES
	('297ed65d633f5c7301633f5ce03b0000', '2018-05-08 18:47:21', '2018-05-08 18:48:35', NULL, 1),
	('297ed65d633f5c7301633fc47f5c0003', '2018-05-08 20:40:32', NULL, 1, NULL),
	('297ed65d633f5c7301633fc47f720004', '2018-05-08 20:40:32', NULL, 1, NULL),
	('297ed65d633f5c7301633fc47f8a0005', '2018-05-08 20:40:32', NULL, 1, NULL),
	('297ed65d633f5c7301633fc47fa40006', '2018-05-08 20:40:32', NULL, 1, NULL),
	('297ed65d633f5c7301633fc47fc10007', '2018-05-08 20:40:32', NULL, 1, NULL),
	('297ed65d633f5c7301633fc47fd40008', '2018-05-08 20:40:32', NULL, 1, NULL),
	('297ed65d633f5c7301633fc47ff20009', '2018-05-08 20:40:32', NULL, 1, NULL),
	('297ed65d633f5c7301633fc48006000a', '2018-05-08 20:40:32', NULL, 1, NULL),
	('297ed65d633f5c7301633fc4801f000b', '2018-05-08 20:40:32', NULL, 1, NULL),
	('297ed65d633f5c7301633fc4803f000c', '2018-05-08 20:40:32', NULL, 1, NULL),
	('297ed65d633f5c7301633fc48051000d', '2018-05-08 20:40:32', NULL, 1, NULL),
	('297ed65d633f5c7301633fc48065000e', '2018-05-08 20:40:32', NULL, 1, NULL),
	('297ed65d633f5c7301633fc48076000f', '2018-05-08 20:40:32', NULL, 1, NULL),
	('297ed65d633f5c7301633fc4808c0010', '2018-05-08 20:40:32', NULL, 1, NULL),
	('297ed65d633f5c7301633fc480a20011', '2018-05-08 20:40:32', NULL, 1, NULL),
	('297ed65d633f5c7301633fc480b60012', '2018-05-08 20:40:32', NULL, 1, NULL),
	('297ed65d633f5c7301633fc480d20013', '2018-05-08 20:40:32', NULL, 1, NULL),
	('297ed65d633f5c7301633fc480e50014', '2018-05-08 20:40:32', NULL, 1, NULL),
	('297ed65d633f5c7301633fc480ff0015', '2018-05-08 20:40:32', NULL, 1, NULL),
	('297ed65d633f5c7301633fc481150016', '2018-05-08 20:40:32', NULL, 1, NULL),
	('297ed65d633f5c7301633fc4812a0017', '2018-05-08 20:40:32', NULL, 1, NULL),
	('297ed65d633f5c7301633fc4813d0018', '2018-05-08 20:40:32', NULL, 1, NULL),
	('297ed65d633f5c7301633fc481500019', '2018-05-08 20:40:32', NULL, 1, NULL),
	('297ed65d633f5c7301633fc48161001a', '2018-05-08 20:40:32', NULL, 1, NULL),
	('297ed65d633f5c7301633fc48171001b', '2018-05-08 20:40:32', NULL, 1, NULL),
	('297ed65d633f5c7301633fc48183001c', '2018-05-08 20:40:32', NULL, 1, NULL),
	('297ed65d633f5c7301633fc48195001d', '2018-05-08 20:40:32', NULL, 1, NULL),
	('297ed65d633f5c7301633fc481a5001e', '2018-05-08 20:40:32', NULL, 1, NULL),
	('297ed65d633f5c7301633fc481b3001f', '2018-05-08 20:40:32', NULL, 1, NULL),
	('297ed65d633f5c7301633fc481c30020', '2018-05-08 20:40:32', NULL, 1, NULL),
	('297ed65d633f5c7301633fc481d30021', '2018-05-08 20:40:32', NULL, 1, NULL),
	('297ed65d633f5c7301633fc481e30022', '2018-05-08 20:40:32', NULL, 1, NULL),
	('297ed65d633f5c7301633fc481fa0023', '2018-05-08 20:40:33', NULL, 1, NULL),
	('297ed65d633f5c7301633fc4820a0024', '2018-05-08 20:40:33', NULL, 1, NULL),
	('297ed65d633f5c7301633fc482190025', '2018-05-08 20:40:33', NULL, 1, NULL),
	('297ed65d633f5c7301633fc482290026', '2018-05-08 20:40:33', NULL, 1, NULL),
	('297ed65d633f5c7301633fc4823c0027', '2018-05-08 20:40:33', NULL, 1, NULL),
	('297ed65d633f5c7301633fc482570028', '2018-05-08 20:40:33', NULL, 1, NULL),
	('297ed65d633f5c7301633fc4826b0029', '2018-05-08 20:40:33', NULL, 1, NULL),
	('297ed65d633f5c7301633fc4827f002a', '2018-05-08 20:40:33', NULL, 1, NULL),
	('297ed65d633f5c7301633fc48294002b', '2018-05-08 20:40:33', NULL, 1, NULL),
	('297ed65d633f5c7301633fc482af002c', '2018-05-08 20:40:33', NULL, 1, NULL),
	('297ed65d633f5c7301633fc482c2002d', '2018-05-08 20:40:33', NULL, 1, NULL),
	('297ed65d633f5c7301633fc482d4002e', '2018-05-08 20:40:33', NULL, 1, NULL),
	('297ed65d633f5c7301633fc482e6002f', '2018-05-08 20:40:33', NULL, 1, NULL),
	('297ed65d633f5c7301633fc482f70030', '2018-05-08 20:40:33', NULL, 1, NULL),
	('297ed65d633f5c7301633fc483060031', '2018-05-08 20:40:33', NULL, 1, NULL),
	('297ed65d633f5c7301633fc483140032', '2018-05-08 20:40:33', NULL, 1, NULL),
	('297ed65d633f5c7301633fc483260033', '2018-05-08 20:40:33', NULL, 1, NULL),
	('297ed65d633f5c7301633fc483390034', '2018-05-08 20:40:33', NULL, 1, NULL),
	('297ed65d633f5c7301633fc4834c0035', '2018-05-08 20:40:33', NULL, 1, NULL),
	('297ed65d633f5c7301633fc483590036', '2018-05-08 20:40:33', NULL, 1, NULL),
	('297ed65d633f5c7301633fc483670037', '2018-05-08 20:40:33', NULL, 1, NULL),
	('297ed65d633f5c7301633fc483750038', '2018-05-08 20:40:33', NULL, 1, NULL),
	('297ed65d633f5c7301633fc483840039', '2018-05-08 20:40:33', NULL, 1, NULL),
	('297ed65d633f5c7301633fc48394003a', '2018-05-08 20:40:33', NULL, 1, NULL),
	('297ed65d633f5c7301633fc483a6003b', '2018-05-08 20:40:33', NULL, 1, NULL),
	('297ed65d633f5c7301633fc483b5003c', '2018-05-08 20:40:33', NULL, 1, NULL),
	('297ed65d633f5c7301633fc483c4003d', '2018-05-08 20:40:33', NULL, 1, NULL),
	('297ed65d633f5c7301633fc483d4003e', '2018-05-08 20:40:33', NULL, 1, NULL),
	('297ed65d633f5c7301633fc483e2003f', '2018-05-08 20:40:33', NULL, 1, NULL),
	('297ed65d633f5c7301633fc483f00040', '2018-05-08 20:40:33', NULL, 1, NULL),
	('297ed65d633f5c7301633fc484010041', '2018-05-08 20:40:33', NULL, 1, NULL),
	('297ed65d633f5c7301633fc484100042', '2018-05-08 20:40:33', NULL, 1, NULL),
	('297ed65d633f5c7301633fc484200043', '2018-05-08 20:40:33', NULL, 1, NULL),
	('297ed65d633f5c7301633fc484300044', '2018-05-08 20:40:33', NULL, 1, NULL),
	('297ed65d633f5c7301633fc4843d0045', '2018-05-08 20:40:33', NULL, 1, NULL),
	('297ed65d633f5c7301633fc484480046', '2018-05-08 20:40:33', NULL, 1, NULL),
	('297ed65d633f5c7301633fc484540047', '2018-05-08 20:40:33', NULL, 1, NULL),
	('297ed65d633f5c7301633fc484610048', '2018-05-08 20:40:33', NULL, 1, NULL),
	('297ed65d633f5c7301633fc4846c0049', '2018-05-08 20:40:33', NULL, 1, NULL),
	('297ed65d633f5c7301633fc48478004a', '2018-05-08 20:40:33', NULL, 1, NULL),
	('297ed65d633f5c7301633fc48488004b', '2018-05-08 20:40:33', NULL, 1, NULL),
	('297ed65d633f5c7301633fc484a6004c', '2018-05-08 20:40:33', NULL, 1, NULL),
	('297ed65d633f5c7301633fc484b8004d', '2018-05-08 20:40:33', NULL, 1, NULL),
	('297ed65d633f5c7301633fc484c7004e', '2018-05-08 20:40:33', NULL, 1, NULL),
	('297ed65d633f5c7301633fc484d5004f', '2018-05-08 20:40:33', NULL, 1, NULL),
	('297ed65d633f5c7301633fc484e30050', '2018-05-08 20:40:33', NULL, 1, NULL),
	('297ed65d633f5c7301633fc484f00051', '2018-05-08 20:40:33', NULL, 1, NULL),
	('297ed65d633f5c7301633fc484fd0052', '2018-05-08 20:40:33', NULL, 1, NULL),
	('297ed65d633f5c7301633fc4850a0053', '2018-05-08 20:40:33', NULL, 1, NULL),
	('297ed65d633f5c7301633fc4851a0054', '2018-05-08 20:40:33', NULL, 1, NULL),
	('297ed65d633f5c7301633fc4852e0055', '2018-05-08 20:40:33', NULL, 1, NULL),
	('297ed65d633f5c7301633fc4853f0056', '2018-05-08 20:40:33', NULL, 1, NULL),
	('297ed65d633f5c7301633fc485510057', '2018-05-08 20:40:33', NULL, 1, NULL),
	('297ed65d633f5c7301633fc4856f0058', '2018-05-08 20:40:33', NULL, 1, NULL),
	('297ed65d633f5c7301633fc4857f0059', '2018-05-08 20:40:33', NULL, 1, NULL),
	('297ed65d633f5c7301633fc4858e005a', '2018-05-08 20:40:33', NULL, 1, NULL),
	('297ed65d633f5c7301633fc4859e005b', '2018-05-08 20:40:33', NULL, 1, NULL),
	('297ed65d633f5c7301633fc485ad005c', '2018-05-08 20:40:33', NULL, 1, NULL),
	('297ed65d633f5c7301633fc485ba005d', '2018-05-08 20:40:33', NULL, 1, NULL),
	('297ed65d633f5c7301633fc485c8005e', '2018-05-08 20:40:33', NULL, 1, NULL),
	('297ed65d633f5c7301633fc485d7005f', '2018-05-08 20:40:34', NULL, 1, NULL),
	('297ed65d633f5c7301633fc486010060', '2018-05-08 20:40:34', NULL, 1, NULL),
	('297ed65d633f5c7301633fe0ba6c0063', '2018-05-08 21:11:22', NULL, 1, NULL),
	('297ed65d633f5c7301633fe1124e0064', '2018-05-08 21:11:44', NULL, 1, NULL),
	('297ed65d633f5c7301633fe326010065', '2018-05-08 21:14:01', NULL, 1, NULL),
	('297ed65d633f5c7301633fe326100066', '2018-05-08 21:14:01', NULL, 1, NULL),
	('297ed65d633f5c7301633fe3261c0067', '2018-05-08 21:14:01', NULL, 1, NULL),
	('297ed65d633f5c7301633fe326290068', '2018-05-08 21:14:01', NULL, 1, NULL),
	('297ed65d633f5c7301633fe326350069', '2018-05-08 21:14:01', NULL, 1, NULL),
	('297ed65d633f5c7301633fe32642006a', '2018-05-08 21:14:01', NULL, 1, NULL),
	('297ed65d633f5c7301633fe3264e006b', '2018-05-08 21:14:01', NULL, 1, NULL),
	('297ed65d633f5c7301633fe3265b006c', '2018-05-08 21:14:01', NULL, 1, NULL),
	('297ed65d633f5c7301633fe32669006d', '2018-05-08 21:14:01', NULL, 1, NULL),
	('297ed65d633f5c7301633fe32677006e', '2018-05-08 21:14:01', NULL, 1, NULL),
	('297ed65d633f5c7301633fe32684006f', '2018-05-08 21:14:01', NULL, 1, NULL),
	('297ed65d633f5c7301633fe3268f0070', '2018-05-08 21:14:01', NULL, 1, NULL),
	('297ed65d633f5c7301633fe3269c0071', '2018-05-08 21:14:01', NULL, 1, NULL),
	('297ed65d633f5c7301633fe326b10072', '2018-05-08 21:14:01', NULL, 1, NULL),
	('297ed65d633f5c7301633fe326c60073', '2018-05-08 21:14:01', NULL, 1, NULL),
	('297ed65d633f5c7301633fe326d70074', '2018-05-08 21:14:01', NULL, 1, NULL),
	('297ed65d633f5c7301633fe326e60075', '2018-05-08 21:14:01', NULL, 1, NULL),
	('297ed65d633f5c7301633fe326f30076', '2018-05-08 21:14:01', NULL, 1, NULL),
	('297ed65d633f5c7301633fe327060077', '2018-05-08 21:14:01', NULL, 1, NULL),
	('297ed65d633f5c7301633fe3270e0078', '2018-05-08 21:14:01', NULL, 1, NULL),
	('297ed65d6358a673016358ac7bdb0000', '2018-05-13 16:44:48', '2019-09-12 09:41:43', 1, 1),
	('297ed65d636917570163691ddab10000', '2018-05-16 21:22:34', NULL, 1, NULL),
	('297ed65d636917570163691ddc1a0001', '2018-05-16 21:22:34', NULL, 1, NULL),
	('297ed65d636917570163691ddc3a0002', '2018-05-16 21:22:34', NULL, 1, NULL),
	('297ed65d636917570163691ddc5f0003', '2018-05-16 21:22:34', NULL, 1, NULL),
	('297ed65d636917570163691ddc820004', '2018-05-16 21:22:34', NULL, 1, NULL),
	('297ed65d636917570163691ddcb50005', '2018-05-16 21:22:34', NULL, 1, NULL),
	('297ed65d636917570163691ddcf30006', '2018-05-16 21:22:34', NULL, 1, NULL),
	('297ed65d636917570163691ddd240007', '2018-05-16 21:22:34', NULL, 1, NULL),
	('297ed65d636917570163691ddd480008', '2018-05-16 21:22:34', NULL, 1, NULL),
	('297ed65d636917570163691ddd880009', '2018-05-16 21:22:35', NULL, 1, NULL),
	('297ed65d636917570163691dddbb000a', '2018-05-16 21:22:35', NULL, 1, NULL),
	('297ed65d636917570163691dde05000b', '2018-05-16 21:22:35', NULL, 1, NULL),
	('297ed65d636917570163691dde46000c', '2018-05-16 21:22:35', NULL, 1, NULL),
	('297ed65d636917570163691dde9c000d', '2018-05-16 21:22:35', NULL, 1, NULL),
	('297ed65d636917570163691ddef4000e', '2018-05-16 21:22:35', NULL, 1, NULL),
	('297ed65d636917570163691ddf1e000f', '2018-05-16 21:22:35', NULL, 1, NULL),
	('297ed65d636917570163691ddf620010', '2018-05-16 21:22:35', NULL, 1, NULL),
	('297ed65d636917570163691ddf860011', '2018-05-16 21:22:35', NULL, 1, NULL),
	('297ed65d636917570163691ddfbc0012', '2018-05-16 21:22:35', NULL, 1, NULL),
	('297ed65d636917570163691ddfd90013', '2018-05-16 21:22:35', NULL, 1, NULL),
	('297ed65d6369175701636921bb840014', '2018-05-16 21:26:48', NULL, 1, NULL),
	('297ed65d6369175701636921bb9c0015', '2018-05-16 21:26:48', NULL, 1, NULL),
	('297ed65d6369175701636921bbb20016', '2018-05-16 21:26:48', NULL, 1, NULL),
	('297ed65d6369175701636921bbc60017', '2018-05-16 21:26:48', NULL, 1, NULL),
	('297ed65d6369175701636921bbdc0018', '2018-05-16 21:26:48', NULL, 1, NULL),
	('297ed65d6369175701636921bbf20019', '2018-05-16 21:26:48', NULL, 1, NULL),
	('297ed65d6369175701636921bc0b001a', '2018-05-16 21:26:48', NULL, 1, NULL),
	('297ed65d6369175701636921bc1f001b', '2018-05-16 21:26:48', NULL, 1, NULL),
	('297ed65d6369175701636921bc32001c', '2018-05-16 21:26:48', NULL, 1, NULL),
	('297ed65d6369175701636921bc47001d', '2018-05-16 21:26:48', NULL, 1, NULL),
	('297ed65d6369175701636921bc5a001e', '2018-05-16 21:26:48', NULL, 1, NULL),
	('297ed65d6369175701636921bc73001f', '2018-05-16 21:26:48', NULL, 1, NULL),
	('297ed65d6369175701636921bc8f0020', '2018-05-16 21:26:48', NULL, 1, NULL),
	('297ed65d6369175701636921bca90021', '2018-05-16 21:26:48', NULL, 1, NULL),
	('297ed65d6369175701636921bccf0022', '2018-05-16 21:26:48', NULL, 1, NULL),
	('297ed65d6369175701636921bcf10023', '2018-05-16 21:26:48', NULL, 1, NULL),
	('297ed65d6369175701636921bd140024', '2018-05-16 21:26:48', NULL, 1, NULL),
	('297ed65d6369175701636921bd3d0025', '2018-05-16 21:26:48', NULL, 1, NULL),
	('297ed65d6369175701636921bd630026', '2018-05-16 21:26:48', NULL, 1, NULL),
	('297ed65d6369175701636921bd6d0027', '2018-05-16 21:26:48', NULL, 1, NULL),
	('297ed65d636917570163692346fc0028', '2018-05-16 21:28:29', NULL, 1, NULL),
	('297ed65d636917570163692347110029', '2018-05-16 21:28:29', NULL, 1, NULL),
	('297ed65d63691757016369234726002a', '2018-05-16 21:28:29', NULL, 1, NULL),
	('297ed65d63691757016369234738002b', '2018-05-16 21:28:29', NULL, 1, NULL),
	('297ed65d63691757016369234748002c', '2018-05-16 21:28:29', NULL, 1, NULL),
	('297ed65d63691757016369234757002d', '2018-05-16 21:28:29', NULL, 1, NULL),
	('297ed65d63691757016369234766002e', '2018-05-16 21:28:29', NULL, 1, NULL),
	('297ed65d63691757016369234774002f', '2018-05-16 21:28:29', NULL, 1, NULL),
	('297ed65d636917570163692347850030', '2018-05-16 21:28:29', NULL, 1, NULL),
	('297ed65d636917570163692347990031', '2018-05-16 21:28:29', NULL, 1, NULL),
	('297ed65d636917570163692347af0032', '2018-05-16 21:28:29', NULL, 1, NULL),
	('297ed65d636917570163692347c10033', '2018-05-16 21:28:29', NULL, 1, NULL),
	('297ed65d636917570163692347d60034', '2018-05-16 21:28:29', NULL, 1, NULL),
	('297ed65d636917570163692347eb0035', '2018-05-16 21:28:29', NULL, 1, NULL),
	('297ed65d636917570163692348090036', '2018-05-16 21:28:29', NULL, 1, NULL),
	('297ed65d636917570163692348230037', '2018-05-16 21:28:29', NULL, 1, NULL),
	('297ed65d636917570163692348430038', '2018-05-16 21:28:30', NULL, 1, NULL),
	('297ed65d636917570163692348580039', '2018-05-16 21:28:30', NULL, 1, NULL),
	('297ed65d63691757016369234869003a', '2018-05-16 21:28:30', NULL, 1, NULL),
	('297ed65d63691757016369234870003b', '2018-05-16 21:28:30', NULL, 1, NULL),
	('297ed65d63691757016369266dc8003c', '2018-05-16 21:31:56', NULL, 1, NULL),
	('297ed65d637438800163743a05620000', '2018-05-19 01:09:09', NULL, 1, NULL),
	('297ed65d637438800163743a05e80001', '2018-05-19 01:09:09', NULL, 1, NULL),
	('297ed65d637438800163743a06120002', '2018-05-19 01:09:09', NULL, 1, NULL),
	('297ed65d637438800163743a063a0003', '2018-05-19 01:09:09', NULL, 1, NULL),
	('297ed65d637438800163743a066f0004', '2018-05-19 01:09:09', NULL, 1, NULL),
	('297ed65d637438800163743a06960005', '2018-05-19 01:09:09', NULL, 1, NULL),
	('297ed65d637438800163743a06c40006', '2018-05-19 01:09:09', NULL, 1, NULL),
	('297ed65d637438800163743a06e90007', '2018-05-19 01:09:09', NULL, 1, NULL),
	('297ed65d637438800163743a070d0008', '2018-05-19 01:09:10', NULL, 1, NULL),
	('297ed65d637438800163743a07350009', '2018-05-19 01:09:10', NULL, 1, NULL),
	('297ed65d637438800163743a0755000a', '2018-05-19 01:09:10', NULL, 1, NULL),
	('297ed65d637438800163743a0772000b', '2018-05-19 01:09:10', NULL, 1, NULL),
	('297ed65d637438800163743a079b000c', '2018-05-19 01:09:10', NULL, 1, NULL),
	('297ed65d637438800163743a07bc000d', '2018-05-19 01:09:10', NULL, 1, NULL),
	('297ed65d637438800163743a07eb000e', '2018-05-19 01:09:10', NULL, 1, NULL),
	('297ed65d637438800163743a0826000f', '2018-05-19 01:09:10', NULL, 1, NULL),
	('297ed65d637438800163743ed9eb0010', '2018-05-19 01:14:26', NULL, 1, NULL),
	('297ed65d637438800163743eda080011', '2018-05-19 01:14:26', NULL, 1, NULL),
	('297ed65d637438800163743eda290012', '2018-05-19 01:14:26', NULL, 1, NULL),
	('297ed65d637438800163743eda4a0013', '2018-05-19 01:14:26', NULL, 1, NULL),
	('297ed65d637438800163743eda690014', '2018-05-19 01:14:26', NULL, 1, NULL),
	('297ed65d637438800163743eda880015', '2018-05-19 01:14:26', NULL, 1, NULL),
	('297ed65d637438800163743edaa40016', '2018-05-19 01:14:26', NULL, 1, NULL),
	('297ed65d637438800163743edac40017', '2018-05-19 01:14:26', NULL, 1, NULL),
	('297ed65d637438800163743edae00018', '2018-05-19 01:14:26', NULL, 1, NULL),
	('297ed65d637438800163743edb010019', '2018-05-19 01:14:26', NULL, 1, NULL),
	('297ed65d637438800163743edb1e001a', '2018-05-19 01:14:26', NULL, 1, NULL),
	('297ed65d637438800163743edb40001b', '2018-05-19 01:14:26', NULL, 1, NULL),
	('297ed65d637438800163743edb59001c', '2018-05-19 01:14:26', NULL, 1, NULL),
	('297ed65d637438800163743edb73001d', '2018-05-19 01:14:26', NULL, 1, NULL),
	('297ed65d637438800163743edb92001e', '2018-05-19 01:14:26', NULL, 1, NULL),
	('297ed65d637438800163743edbac001f', '2018-05-19 01:14:26', NULL, 1, NULL),
	('297ed65d637438800163743edbd00020', '2018-05-19 01:14:26', NULL, 1, NULL),
	('297ed65d637438800163743edbed0021', '2018-05-19 01:14:26', NULL, 1, NULL),
	('297ed65d637438800163743edc1e0022', '2018-05-19 01:14:26', NULL, 1, NULL),
	('297ed65d637438800163743edc2d0023', '2018-05-19 01:14:26', NULL, 1, NULL),
	('297ed65d6375b642016375eb64b70005', '2018-05-19 09:02:31', NULL, 1, NULL),
	('297ed65d6375b642016375ebe70b0006', '2018-05-19 09:03:04', NULL, 1, NULL),
	('297ed65d6375b642016375ee82700007', '2018-05-19 09:05:55', NULL, 1, NULL),
	('297ed65d6375b642016375ee828b0008', '2018-05-19 09:05:55', NULL, 1, NULL),
	('297ed65d6375b642016375ee82a50009', '2018-05-19 09:05:55', NULL, 1, NULL),
	('297ed65d6375b642016375ee82b7000a', '2018-05-19 09:05:55', NULL, 1, NULL),
	('297ed65d6375b642016375ee82cc000b', '2018-05-19 09:05:55', NULL, 1, NULL),
	('297ed65d6375b642016375ee82e2000c', '2018-05-19 09:05:55', NULL, 1, NULL),
	('297ed65d6375b642016375ee82fc000d', '2018-05-19 09:05:55', NULL, 1, NULL),
	('297ed65d6375b642016375ee8318000e', '2018-05-19 09:05:55', NULL, 1, NULL),
	('297ed65d6375b642016375ee832f000f', '2018-05-19 09:05:55', NULL, 1, NULL),
	('297ed65d6375b642016375ee83430010', '2018-05-19 09:05:55', NULL, 1, NULL),
	('297ed65d6375b642016375ee83550011', '2018-05-19 09:05:55', NULL, 1, NULL),
	('297ed65d6375b642016375ee836b0012', '2018-05-19 09:05:55', NULL, 1, NULL),
	('297ed65d6375b642016375ee837e0013', '2018-05-19 09:05:55', NULL, 1, NULL),
	('297ed65d6375b642016375ee839e0014', '2018-05-19 09:05:55', NULL, 1, NULL),
	('297ed65d6375b642016375ee83b50015', '2018-05-19 09:05:55', NULL, 1, NULL),
	('297ed65d6375b642016375ee83cb0016', '2018-05-19 09:05:55', NULL, 1, NULL),
	('297ed65d6375b642016375ee83e00017', '2018-05-19 09:05:55', NULL, 1, NULL),
	('297ed65d6375b642016375ee83f60018', '2018-05-19 09:05:55', NULL, 1, NULL),
	('297ed65d6375b642016375ee840b0019', '2018-05-19 09:05:55', NULL, 1, NULL),
	('297ed65d6375b642016375ee8421001a', '2018-05-19 09:05:55', NULL, 1, NULL),
	('297ed65d6375b642016375ee8449001b', '2018-05-19 09:05:55', NULL, 1, NULL),
	('297ed65d6375b642016375ee8463001c', '2018-05-19 09:05:55', NULL, 1, NULL),
	('297ed65d6375b642016375ee847b001d', '2018-05-19 09:05:55', NULL, 1, NULL),
	('297ed65d6375b642016375ee848f001e', '2018-05-19 09:05:55', NULL, 1, NULL),
	('297ed65d6375b642016375ee84a1001f', '2018-05-19 09:05:55', NULL, 1, NULL),
	('297ed65d6375b642016375ee84b30020', '2018-05-19 09:05:55', NULL, 1, NULL),
	('297ed65d6375b642016375ee84c70021', '2018-05-19 09:05:55', NULL, 1, NULL),
	('297ed65d6375b642016375ee84dd0022', '2018-05-19 09:05:55', NULL, 1, NULL),
	('297ed65d6375b642016375ee84f30023', '2018-05-19 09:05:55', NULL, 1, NULL),
	('297ed65d6375b642016375ee85080024', '2018-05-19 09:05:55', NULL, 1, NULL),
	('297ed65d6375b642016375ee852d0025', '2018-05-19 09:05:56', NULL, 1, NULL),
	('297ed65d6375b642016375ee85480026', '2018-05-19 09:05:56', NULL, 1, NULL),
	('297ed65d6375b642016375ee85850027', '2018-05-19 09:05:56', NULL, 1, NULL),
	('297ed65d6375b642016375ee859e0028', '2018-05-19 09:05:56', NULL, 1, NULL),
	('297ed65d6375b642016375ee85b00029', '2018-05-19 09:05:56', NULL, 1, NULL),
	('297ed65d6375b642016375ee85be002a', '2018-05-19 09:05:56', NULL, 1, NULL),
	('297ed65d6375b642016375ee85cd002b', '2018-05-19 09:05:56', NULL, 1, NULL),
	('297ed65d6375b642016375ee85dc002c', '2018-05-19 09:05:56', NULL, 1, NULL),
	('297ed65d6375b642016375ee85ea002d', '2018-05-19 09:05:56', NULL, 1, NULL),
	('297ed65d6375b642016375ee85fa002e', '2018-05-19 09:05:56', NULL, 1, NULL),
	('297ed65d6375b642016375ee860e002f', '2018-05-19 09:05:56', NULL, 1, NULL),
	('297ed65d6375b642016375ee861b0030', '2018-05-19 09:05:56', NULL, 1, NULL),
	('297ed65d6375b642016375f0d9bb0031', '2018-05-19 09:08:28', NULL, 1, NULL),
	('297ed65d6375b642016375f1fa870032', '2018-05-19 09:09:42', NULL, 1, NULL),
	('297ed65d6375b642016375f8920f0033', '2018-05-19 09:16:54', NULL, NULL, NULL),
	('297ed65d6375b642016375ff4a310035', '2018-05-19 09:24:15', NULL, NULL, NULL),
	('297ed65d6375b642016376067b6f0037', '2018-05-19 09:32:06', NULL, 1, NULL),
	('297ed65d6375b64201637606c9ae0038', '2018-05-19 09:32:26', '2019-09-12 08:34:08', 1, 1),
	('297ed65d6375b6420163760806f50039', '2018-05-19 09:33:47', NULL, 1, NULL),
	('297ed65d6375b6420163765d4f7e003b', '2018-05-19 11:06:56', NULL, 1, NULL),
	('297ed65d6375b6420163765d4f9f003c', '2018-05-19 11:06:56', NULL, 1, NULL),
	('297ed65d6375b6420163765d4fb7003d', '2018-05-19 11:06:56', NULL, 1, NULL),
	('297ed65d6375b6420163765d4fcb003e', '2018-05-19 11:06:56', NULL, 1, NULL),
	('297ed65d6375b6420163765d4fd8003f', '2018-05-19 11:06:56', NULL, 1, NULL),
	('297ed65d6375b6420163765d4fe70040', '2018-05-19 11:06:56', NULL, 1, NULL),
	('297ed65d6375b6420163765d4ff30041', '2018-05-19 11:06:56', NULL, 1, NULL),
	('297ed65d6375b6420163765d50000042', '2018-05-19 11:06:56', NULL, 1, NULL),
	('297ed65d6375b6420163765d500f0043', '2018-05-19 11:06:56', NULL, 1, NULL),
	('297ed65d6375b6420163765d501f0044', '2018-05-19 11:06:56', NULL, 1, NULL),
	('297ed65d6375b6420163765d50370045', '2018-05-19 11:06:56', NULL, 1, NULL),
	('297ed65d6375b6420163765d50470046', '2018-05-19 11:06:56', NULL, 1, NULL),
	('297ed65d6375b6420163765d50550047', '2018-05-19 11:06:56', NULL, 1, NULL),
	('297ed65d6375b6420163765d50620048', '2018-05-19 11:06:56', NULL, 1, NULL),
	('297ed65d6375b6420163765d506f0049', '2018-05-19 11:06:57', NULL, 1, NULL),
	('297ed65d6375b6420163765d507e004a', '2018-05-19 11:06:57', NULL, 1, NULL),
	('297ed65d6375b6420163765d508e004b', '2018-05-19 11:06:57', NULL, 1, NULL),
	('297ed65d6375b6420163765d50a4004c', '2018-05-19 11:06:57', NULL, 1, NULL),
	('297ed65d6375b6420163765d50b8004d', '2018-05-19 11:06:57', NULL, 1, NULL),
	('297ed65d6375b6420163767e789f0051', '2018-05-19 11:43:09', NULL, 1, NULL),
	('297ed65d6375b6420163767e78ae0052', '2018-05-19 11:43:09', NULL, 1, NULL),
	('297ed65d6375b6420163767e78c30053', '2018-05-19 11:43:10', NULL, 1, NULL),
	('297ed65d6375b6420163767e78db0054', '2018-05-19 11:43:10', NULL, 1, NULL),
	('297ed65d6375b6420163767e78ef0055', '2018-05-19 11:43:10', NULL, 1, NULL),
	('297ed65d6375b6420163767e78ff0056', '2018-05-19 11:43:10', NULL, 1, NULL),
	('297ed65d6375b6420163767e79110057', '2018-05-19 11:43:10', NULL, 1, NULL),
	('297ed65d6375b6420163767e791f0058', '2018-05-19 11:43:10', NULL, 1, NULL),
	('297ed65d6375b6420163767e792a0059', '2018-05-19 11:43:10', NULL, 1, NULL),
	('297ed65d6375b6420163767e7939005a', '2018-05-19 11:43:10', NULL, 1, NULL),
	('297ed65d6375b6420163767e794d005b', '2018-05-19 11:43:10', NULL, 1, NULL),
	('297ed65d6375b6420163767e795d005c', '2018-05-19 11:43:10', NULL, 1, NULL),
	('297ed65d6375b6420163767e796a005d', '2018-05-19 11:43:10', NULL, 1, NULL),
	('297ed65d6375b6420163767e797a005e', '2018-05-19 11:43:10', NULL, 1, NULL),
	('297ed65d6375b6420163767e7991005f', '2018-05-19 11:43:10', NULL, 1, NULL),
	('297ed65d6375b6420163767e79a70060', '2018-05-19 11:43:10', NULL, 1, NULL),
	('297ed65d6375b6420163767e79b90061', '2018-05-19 11:43:10', NULL, 1, NULL),
	('297ed65d6375b6420163767e79c70062', '2018-05-19 11:43:10', NULL, 1, NULL),
	('297ed65d6375b6420163767e7a040063', '2018-05-19 11:43:10', NULL, 1, NULL),
	('297ed65d6375b6420163767e7a0e0064', '2018-05-19 11:43:10', '2019-09-12 08:06:53', 1, 1),
	('297ed65d6375b6420163767eb90d0065', '2018-05-19 11:43:26', NULL, 1, NULL),
	('2c9c50816d1fc458016d1fc937130000', '2019-09-11 18:05:43', NULL, 1, NULL),
	('2c9c50816d22d30e016d22db3e0f0001', '2019-09-12 08:24:16', NULL, 1, NULL),
	('2c9c50816d22d30e016d22db8a1a0002', '2019-09-12 08:24:36', NULL, 1, NULL),
	('2c9c50816d22d30e016d22dc0f180003', '2019-09-12 08:25:10', NULL, 1, NULL),
	('2c9c50816d22d30e016d22dc10a00004', '2019-09-12 08:25:10', NULL, 1, NULL),
	('2c9c50816d22d30e016d22dc12030005', '2019-09-12 08:25:10', NULL, 1, NULL),
	('2c9c50816d22d30e016d22dc13620006', '2019-09-12 08:25:11', NULL, 1, NULL),
	('2c9c50816d22d30e016d22dc14c30007', '2019-09-12 08:25:11', NULL, 1, NULL),
	('2c9c50816d22d30e016d22dc16230008', '2019-09-12 08:25:11', NULL, 1, NULL),
	('2c9c50816d22d30e016d22dc17870009', '2019-09-12 08:25:12', NULL, 1, NULL),
	('2c9c50816d22d30e016d22dc18f1000a', '2019-09-12 08:25:12', NULL, 1, NULL),
	('2c9c50816d22d30e016d22dc1a56000b', '2019-09-12 08:25:13', NULL, 1, NULL),
	('2c9c50816d22d30e016d22dc1bb3000c', '2019-09-12 08:25:13', NULL, 1, NULL),
	('2c9c50816d22d30e016d22dc1d2b000d', '2019-09-12 08:25:13', NULL, 1, NULL),
	('2c9c50816d22d30e016d22dc1e8c000e', '2019-09-12 08:25:14', NULL, 1, NULL),
	('2c9c50816d22d30e016d22dc1ffd000f', '2019-09-12 08:25:14', NULL, 1, NULL),
	('2c9c50816d22d30e016d22dc21640010', '2019-09-12 08:25:14', NULL, 1, NULL),
	('2c9c50816d22d30e016d22dc22c40011', '2019-09-12 08:25:15', NULL, 1, NULL),
	('2c9c50816d22d30e016d22dc243a0012', '2019-09-12 08:25:15', NULL, 1, NULL),
	('2c9c50816d22d30e016d22dc259b0013', '2019-09-12 08:25:15', NULL, 1, NULL),
	('2c9c50816d22d30e016d22dc26fd0014', '2019-09-12 08:25:16', NULL, 1, NULL),
	('2c9c50816d22d30e016d22dc28590015', '2019-09-12 08:25:16', NULL, 1, NULL),
	('2c9c50816d22d30e016d22dc28c90016', '2019-09-12 08:25:16', NULL, 1, NULL),
	('2c9c50816d22d30e016d22e3d8460017', '2019-09-12 08:33:40', NULL, 1, NULL),
	('2c9c50816d231b59016d23266b6d0000', '2019-09-12 09:46:23', NULL, 2, NULL),
	('2c9c50816d231b59016d23266d460001', '2019-09-12 09:46:23', NULL, 2, NULL),
	('2c9c50816d231b59016d23266f110002', '2019-09-12 09:46:24', NULL, 2, NULL),
	('2c9c50816d231b59016d232670e60003', '2019-09-12 09:46:24', NULL, 2, NULL),
	('2c9c50816d231b59016d232672c10004', '2019-09-12 09:46:25', NULL, 2, NULL),
	('2c9c50816d231b59016d232674910005', '2019-09-12 09:46:25', NULL, 2, NULL),
	('2c9c50816d231b59016d232676650006', '2019-09-12 09:46:26', NULL, 2, NULL),
	('2c9c50816d231b59016d232678370007', '2019-09-12 09:46:26', NULL, 2, NULL),
	('2c9c50816d231b59016d23267a0e0008', '2019-09-12 09:46:27', NULL, 2, NULL),
	('2c9c50816d231b59016d23267be10009', '2019-09-12 09:46:27', NULL, 2, NULL),
	('2c9c50816d231b59016d23267dbd000a', '2019-09-12 09:46:28', NULL, 2, NULL),
	('2c9c50816d231b59016d23267f8f000b', '2019-09-12 09:46:28', NULL, 2, NULL),
	('2c9c50816d231b59016d23268161000c', '2019-09-12 09:46:29', NULL, 2, NULL),
	('2c9c50816d231b59016d23268330000d', '2019-09-12 09:46:29', NULL, 2, NULL),
	('2c9c50816d231b59016d23268528000e', '2019-09-12 09:46:30', NULL, 2, NULL),
	('2c9c50816d231b59016d232686fb000f', '2019-09-12 09:46:30', NULL, 2, NULL),
	('2c9c50816d231b59016d232688ce0010', '2019-09-12 09:46:30', NULL, 2, NULL),
	('2c9c50816d231b59016d23268aa10011', '2019-09-12 09:46:31', NULL, 2, NULL),
	('2c9c50816d231b59016d23268c7f0012', '2019-09-12 09:46:31', NULL, 2, NULL),
	('2c9c50816d231b59016d23268d0d0013', '2019-09-12 09:46:32', NULL, 2, NULL),
	('4028e3436c9d24f7016c9e4ec9b30001', '2019-08-17 14:40:59', NULL, NULL, NULL);
/*!40000 ALTER TABLE `sys_modify_log` ENABLE KEYS */;

-- Dumping structure for table ssm_zaixianexam.sys_user
DROP TABLE IF EXISTS `sys_user`;
CREATE TABLE IF NOT EXISTS `sys_user` (
  `id` bigint(20) NOT NULL AUTO_INCREMENT,
  `money` int(11) DEFAULT NULL,
  `name` varchar(20) NOT NULL,
  `password` char(32) NOT NULL,
  `username` varchar(20) NOT NULL,
  `sys_modify_log_id` char(32) DEFAULT NULL,
  PRIMARY KEY (`id`) USING BTREE,
  UNIQUE KEY `UK_51bvuyvihefoh4kp5syh2jpi4` (`username`) USING BTREE,
  KEY `FK1t8pwpc3yb6t82lxf8fuhg57v` (`sys_modify_log_id`) USING BTREE,
  CONSTRAINT `FK1t8pwpc3yb6t82lxf8fuhg57v` FOREIGN KEY (`sys_modify_log_id`) REFERENCES `sys_modify_log` (`id`)
) ENGINE=InnoDB AUTO_INCREMENT=8 DEFAULT CHARSET=utf8 ROW_FORMAT=DYNAMIC;

-- Dumping data for table ssm_zaixianexam.sys_user: ~4 rows (approximately)
/*!40000 ALTER TABLE `sys_user` DISABLE KEYS */;
INSERT INTO `sys_user` (`id`, `money`, `name`, `password`, `username`, `sys_modify_log_id`) VALUES
	(1, 8, '管理员', 'ceb4f32325eda6142bd65215f4c0f371', 'admin', '297ed65d633f5c7301633f5ce03b0000'),
	(2, 14, '普通用户', '856cfbd823219d103aad6ad1b97b977f', 'lisi', '297ed65d6358a673016358ac7bdb0000'),
	(3, 10, '用户1', 'ac0a164a749fabe17f3bd0b5b6ad1be0', 'ccsu', '297ed65d6375b642016375f8920f0033'),
	(5, 10, 'dsvdsv', '1416f11e0d589d5a0bbcc1b40d1a1c77', 'wanadfsx', '297ed65d6375b642016375ff4a310035');
/*!40000 ALTER TABLE `sys_user` ENABLE KEYS */;

-- Dumping structure for table ssm_zaixianexam.sys_user_authority
DROP TABLE IF EXISTS `sys_user_authority`;
CREATE TABLE IF NOT EXISTS `sys_user_authority` (
  `sys_user_id` bigint(20) NOT NULL,
  `sys_authority_id` tinyint(4) NOT NULL,
  PRIMARY KEY (`sys_user_id`,`sys_authority_id`) USING BTREE,
  KEY `FKirc9pj303j5m5dge3mc73qxwx` (`sys_authority_id`) USING BTREE,
  CONSTRAINT `FKirc9pj303j5m5dge3mc73qxwx` FOREIGN KEY (`sys_authority_id`) REFERENCES `sys_authority` (`id`),
  CONSTRAINT `FKltbltvkiwjdr7ctmpsd7srnm9` FOREIGN KEY (`sys_user_id`) REFERENCES `sys_user` (`id`)
) ENGINE=InnoDB DEFAULT CHARSET=utf8 ROW_FORMAT=DYNAMIC;

-- Dumping data for table ssm_zaixianexam.sys_user_authority: ~5 rows (approximately)
/*!40000 ALTER TABLE `sys_user_authority` DISABLE KEYS */;
INSERT INTO `sys_user_authority` (`sys_user_id`, `sys_authority_id`) VALUES
	(1, 1),
	(1, 2),
	(2, 1),
	(3, 1),
	(5, 1);
/*!40000 ALTER TABLE `sys_user_authority` ENABLE KEYS */;

/*!40101 SET SQL_MODE=IFNULL(@OLD_SQL_MODE, '') */;
/*!40014 SET FOREIGN_KEY_CHECKS=IF(@OLD_FOREIGN_KEY_CHECKS IS NULL, 1, @OLD_FOREIGN_KEY_CHECKS) */;
/*!40101 SET CHARACTER_SET_CLIENT=@OLD_CHARACTER_SET_CLIENT */;
